,lat,long,people,weekend_mean,workdays_mean,day_mean,night_mean
0,"(55.655, 55.658]","(37.495, 37.503]",0.0,0.0,0.0,0.0,0.0
1,"(55.655, 55.658]","(37.503, 37.51]",0.0,0.0,0.0,0.0,0.0
2,"(55.655, 55.658]","(37.51, 37.518]",0.0,0.0,0.0,0.0,0.0
3,"(55.655, 55.658]","(37.518, 37.526]",0.0,0.0,0.0,0.0,0.0
4,"(55.655, 55.658]","(37.526, 37.533]",0.0,0.0,0.0,0.0,0.0
5,"(55.655, 55.658]","(37.533, 37.541]",0.0,0.0,0.0,0.0,0.0
6,"(55.655, 55.658]","(37.541, 37.548]",0.0,0.0,0.0,0.0,0.0
7,"(55.655, 55.658]","(37.548, 37.556]",0.0,0.0,0.0,0.0,0.0
8,"(55.655, 55.658]","(37.556, 37.563]",0.0,0.0,0.0,0.0,0.0
9,"(55.655, 55.658]","(37.563, 37.571]",0.0,0.0,0.0,0.0,0.0
10,"(55.655, 55.658]","(37.571, 37.578]",0.0,0.0,0.0,0.0,0.0
11,"(55.655, 55.658]","(37.578, 37.586]",0.0,0.0,0.0,0.0,0.0
12,"(55.655, 55.658]","(37.586, 37.593]",0.0,0.0,0.0,0.0,0.0
13,"(55.655, 55.658]","(37.593, 37.601]",0.0,0.0,0.0,0.0,0.0
14,"(55.655, 55.658]","(37.601, 37.608]",0.0,0.0,0.0,0.0,0.0
15,"(55.655, 55.658]","(37.608, 37.616]",0.0,0.0,0.0,0.0,0.0
16,"(55.655, 55.658]","(37.616, 37.624]",0.0,0.0,0.0,0.0,0.0
17,"(55.655, 55.658]","(37.624, 37.631]",0.0,0.0,0.0,0.0,0.0
18,"(55.655, 55.658]","(37.631, 37.639]",0.0,0.0,0.0,0.0,0.0
19,"(55.655, 55.658]","(37.639, 37.646]",0.0,0.0,0.0,0.0,0.0
20,"(55.655, 55.658]","(37.646, 37.654]",0.0,0.0,0.0,0.0,0.0
21,"(55.655, 55.658]","(37.654, 37.661]",0.0,0.0,0.0,0.0,0.0
22,"(55.655, 55.658]","(37.661, 37.669]",0.0,0.0,0.0,0.0,0.0
23,"(55.655, 55.658]","(37.669, 37.676]",0.0,0.0,0.0,0.0,0.0
24,"(55.655, 55.658]","(37.676, 37.684]",0.0,0.0,0.0,0.0,0.0
25,"(55.655, 55.658]","(37.684, 37.691]",0.0,0.0,0.0,0.0,0.0
26,"(55.655, 55.658]","(37.691, 37.699]",0.0,0.0,0.0,0.0,0.0
27,"(55.655, 55.658]","(37.699, 37.706]",0.0,0.0,0.0,0.0,0.0
28,"(55.655, 55.658]","(37.706, 37.714]",0.0,0.0,0.0,0.0,0.0
29,"(55.655, 55.658]","(37.714, 37.722]",0.0,0.0,0.0,0.0,0.0
30,"(55.655, 55.658]","(37.722, 37.729]",0.0,0.0,0.0,0.0,0.0
31,"(55.655, 55.658]","(37.729, 37.737]",0.0,0.0,0.0,0.0,0.0
32,"(55.655, 55.658]","(37.737, 37.744]",0.0,0.0,0.0,0.0,0.0
33,"(55.655, 55.658]","(37.744, 37.752]",0.0,0.0,0.0,0.0,0.0
34,"(55.655, 55.658]","(37.752, 37.759]",16.043583758220983,14.712580194079328,16.575985183877645,15.734119761311682,16.97197574894887
35,"(55.655, 55.658]","(37.759, 37.767]",0.0,0.0,0.0,0.0,0.0
36,"(55.658, 55.661]","(37.495, 37.503]",0.0,0.0,0.0,0.0,0.0
37,"(55.658, 55.661]","(37.503, 37.51]",0.0,0.0,0.0,0.0,0.0
38,"(55.658, 55.661]","(37.51, 37.518]",0.0,0.0,0.0,0.0,0.0
39,"(55.658, 55.661]","(37.518, 37.526]",0.0,0.0,0.0,0.0,0.0
40,"(55.658, 55.661]","(37.526, 37.533]",0.0,0.0,0.0,0.0,0.0
41,"(55.658, 55.661]","(37.533, 37.541]",0.0,0.0,0.0,0.0,0.0
42,"(55.658, 55.661]","(37.541, 37.548]",0.0,0.0,0.0,0.0,0.0
43,"(55.658, 55.661]","(37.548, 37.556]",0.0,0.0,0.0,0.0,0.0
44,"(55.658, 55.661]","(37.556, 37.563]",0.0,0.0,0.0,0.0,0.0
45,"(55.658, 55.661]","(37.563, 37.571]",0.0,0.0,0.0,0.0,0.0
46,"(55.658, 55.661]","(37.571, 37.578]",0.0,0.0,0.0,0.0,0.0
47,"(55.658, 55.661]","(37.578, 37.586]",0.0,0.0,0.0,0.0,0.0
48,"(55.658, 55.661]","(37.586, 37.593]",0.0,0.0,0.0,0.0,0.0
49,"(55.658, 55.661]","(37.593, 37.601]",0.0,0.0,0.0,0.0,0.0
50,"(55.658, 55.661]","(37.601, 37.608]",0.0,0.0,0.0,0.0,0.0
51,"(55.658, 55.661]","(37.608, 37.616]",0.0,0.0,0.0,0.0,0.0
52,"(55.658, 55.661]","(37.616, 37.624]",0.0,0.0,0.0,0.0,0.0
53,"(55.658, 55.661]","(37.624, 37.631]",0.0,0.0,0.0,0.0,0.0
54,"(55.658, 55.661]","(37.631, 37.639]",0.0,0.0,0.0,0.0,0.0
55,"(55.658, 55.661]","(37.639, 37.646]",0.0,0.0,0.0,0.0,0.0
56,"(55.658, 55.661]","(37.646, 37.654]",0.0,0.0,0.0,0.0,0.0
57,"(55.658, 55.661]","(37.654, 37.661]",0.0,0.0,0.0,0.0,0.0
58,"(55.658, 55.661]","(37.661, 37.669]",0.0,0.0,0.0,0.0,0.0
59,"(55.658, 55.661]","(37.669, 37.676]",0.0,0.0,0.0,0.0,0.0
60,"(55.658, 55.661]","(37.676, 37.684]",0.0,0.0,0.0,0.0,0.0
61,"(55.658, 55.661]","(37.684, 37.691]",0.0,0.0,0.0,0.0,0.0
62,"(55.658, 55.661]","(37.691, 37.699]",0.0,0.0,0.0,0.0,0.0
63,"(55.658, 55.661]","(37.699, 37.706]",0.0,0.0,0.0,0.0,0.0
64,"(55.658, 55.661]","(37.706, 37.714]",0.0,0.0,0.0,0.0,0.0
65,"(55.658, 55.661]","(37.714, 37.722]",0.0,0.0,0.0,0.0,0.0
66,"(55.658, 55.661]","(37.722, 37.729]",0.0,0.0,0.0,0.0,0.0
67,"(55.658, 55.661]","(37.729, 37.737]",0.0,0.0,0.0,0.0,0.0
68,"(55.658, 55.661]","(37.737, 37.744]",0.0,0.0,0.0,0.0,0.0
69,"(55.658, 55.661]","(37.744, 37.752]",0.0,0.0,0.0,0.0,0.0
70,"(55.658, 55.661]","(37.752, 37.759]",0.0,0.0,0.0,0.0,0.0
71,"(55.658, 55.661]","(37.759, 37.767]",0.0,0.0,0.0,0.0,0.0
72,"(55.661, 55.664]","(37.495, 37.503]",0.0,0.0,0.0,0.0,0.0
73,"(55.661, 55.664]","(37.503, 37.51]",0.0,0.0,0.0,0.0,0.0
74,"(55.661, 55.664]","(37.51, 37.518]",0.0,0.0,0.0,0.0,0.0
75,"(55.661, 55.664]","(37.518, 37.526]",0.0,0.0,0.0,0.0,0.0
76,"(55.661, 55.664]","(37.526, 37.533]",0.0,0.0,0.0,0.0,0.0
77,"(55.661, 55.664]","(37.533, 37.541]",0.0,0.0,0.0,0.0,0.0
78,"(55.661, 55.664]","(37.541, 37.548]",0.0,0.0,0.0,0.0,0.0
79,"(55.661, 55.664]","(37.548, 37.556]",0.0,0.0,0.0,0.0,0.0
80,"(55.661, 55.664]","(37.556, 37.563]",0.0,0.0,0.0,0.0,0.0
81,"(55.661, 55.664]","(37.563, 37.571]",0.0,0.0,0.0,0.0,0.0
82,"(55.661, 55.664]","(37.571, 37.578]",0.0,0.0,0.0,0.0,0.0
83,"(55.661, 55.664]","(37.578, 37.586]",0.0,0.0,0.0,0.0,0.0
84,"(55.661, 55.664]","(37.586, 37.593]",0.0,0.0,0.0,0.0,0.0
85,"(55.661, 55.664]","(37.593, 37.601]",0.0,0.0,0.0,0.0,0.0
86,"(55.661, 55.664]","(37.601, 37.608]",0.0,0.0,0.0,0.0,0.0
87,"(55.661, 55.664]","(37.608, 37.616]",0.0,0.0,0.0,0.0,0.0
88,"(55.661, 55.664]","(37.616, 37.624]",0.0,0.0,0.0,0.0,0.0
89,"(55.661, 55.664]","(37.624, 37.631]",0.0,0.0,0.0,0.0,0.0
90,"(55.661, 55.664]","(37.631, 37.639]",0.0,0.0,0.0,0.0,0.0
91,"(55.661, 55.664]","(37.639, 37.646]",0.0,0.0,0.0,0.0,0.0
92,"(55.661, 55.664]","(37.646, 37.654]",0.0,0.0,0.0,0.0,0.0
93,"(55.661, 55.664]","(37.654, 37.661]",0.0,0.0,0.0,0.0,0.0
94,"(55.661, 55.664]","(37.661, 37.669]",0.0,0.0,0.0,0.0,0.0
95,"(55.661, 55.664]","(37.669, 37.676]",0.0,0.0,0.0,0.0,0.0
96,"(55.661, 55.664]","(37.676, 37.684]",0.0,0.0,0.0,0.0,0.0
97,"(55.661, 55.664]","(37.684, 37.691]",0.0,0.0,0.0,0.0,0.0
98,"(55.661, 55.664]","(37.691, 37.699]",0.0,0.0,0.0,0.0,0.0
99,"(55.661, 55.664]","(37.699, 37.706]",0.0,0.0,0.0,0.0,0.0
100,"(55.661, 55.664]","(37.706, 37.714]",0.0,0.0,0.0,0.0,0.0
101,"(55.661, 55.664]","(37.714, 37.722]",0.0,0.0,0.0,0.0,0.0
102,"(55.661, 55.664]","(37.722, 37.729]",0.0,0.0,0.0,0.0,0.0
103,"(55.661, 55.664]","(37.729, 37.737]",0.0,0.0,0.0,0.0,0.0
104,"(55.661, 55.664]","(37.737, 37.744]",0.0,0.0,0.0,0.0,0.0
105,"(55.661, 55.664]","(37.744, 37.752]",0.0,0.0,0.0,0.0,0.0
106,"(55.661, 55.664]","(37.752, 37.759]",0.0,0.0,0.0,0.0,0.0
107,"(55.661, 55.664]","(37.759, 37.767]",0.0,0.0,0.0,0.0,0.0
108,"(55.664, 55.666]","(37.495, 37.503]",0.0,0.0,0.0,0.0,0.0
109,"(55.664, 55.666]","(37.503, 37.51]",0.0,0.0,0.0,0.0,0.0
110,"(55.664, 55.666]","(37.51, 37.518]",0.0,0.0,0.0,0.0,0.0
111,"(55.664, 55.666]","(37.518, 37.526]",0.0,0.0,0.0,0.0,0.0
112,"(55.664, 55.666]","(37.526, 37.533]",0.0,0.0,0.0,0.0,0.0
113,"(55.664, 55.666]","(37.533, 37.541]",0.0,0.0,0.0,0.0,0.0
114,"(55.664, 55.666]","(37.541, 37.548]",0.0,0.0,0.0,0.0,0.0
115,"(55.664, 55.666]","(37.548, 37.556]",0.0,0.0,0.0,0.0,0.0
116,"(55.664, 55.666]","(37.556, 37.563]",0.0,0.0,0.0,0.0,0.0
117,"(55.664, 55.666]","(37.563, 37.571]",0.0,0.0,0.0,0.0,0.0
118,"(55.664, 55.666]","(37.571, 37.578]",0.0,0.0,0.0,0.0,0.0
119,"(55.664, 55.666]","(37.578, 37.586]",0.0,0.0,0.0,0.0,0.0
120,"(55.664, 55.666]","(37.586, 37.593]",0.0,0.0,0.0,0.0,0.0
121,"(55.664, 55.666]","(37.593, 37.601]",0.0,0.0,0.0,0.0,0.0
122,"(55.664, 55.666]","(37.601, 37.608]",0.0,0.0,0.0,0.0,0.0
123,"(55.664, 55.666]","(37.608, 37.616]",0.0,0.0,0.0,0.0,0.0
124,"(55.664, 55.666]","(37.616, 37.624]",0.0,0.0,0.0,0.0,0.0
125,"(55.664, 55.666]","(37.624, 37.631]",0.0,0.0,0.0,0.0,0.0
126,"(55.664, 55.666]","(37.631, 37.639]",0.0,0.0,0.0,0.0,0.0
127,"(55.664, 55.666]","(37.639, 37.646]",0.0,0.0,0.0,0.0,0.0
128,"(55.664, 55.666]","(37.646, 37.654]",0.0,0.0,0.0,0.0,0.0
129,"(55.664, 55.666]","(37.654, 37.661]",0.0,0.0,0.0,0.0,0.0
130,"(55.664, 55.666]","(37.661, 37.669]",0.0,0.0,0.0,0.0,0.0
131,"(55.664, 55.666]","(37.669, 37.676]",0.0,0.0,0.0,0.0,0.0
132,"(55.664, 55.666]","(37.676, 37.684]",0.0,0.0,0.0,0.0,0.0
133,"(55.664, 55.666]","(37.684, 37.691]",0.0,0.0,0.0,0.0,0.0
134,"(55.664, 55.666]","(37.691, 37.699]",0.0,0.0,0.0,0.0,0.0
135,"(55.664, 55.666]","(37.699, 37.706]",0.0,0.0,0.0,0.0,0.0
136,"(55.664, 55.666]","(37.706, 37.714]",0.0,0.0,0.0,0.0,0.0
137,"(55.664, 55.666]","(37.714, 37.722]",0.0,0.0,0.0,0.0,0.0
138,"(55.664, 55.666]","(37.722, 37.729]",0.0,0.0,0.0,0.0,0.0
139,"(55.664, 55.666]","(37.729, 37.737]",0.0,0.0,0.0,0.0,0.0
140,"(55.664, 55.666]","(37.737, 37.744]",0.0,0.0,0.0,0.0,0.0
141,"(55.664, 55.666]","(37.744, 37.752]",0.0,0.0,0.0,0.0,0.0
142,"(55.664, 55.666]","(37.752, 37.759]",0.0,0.0,0.0,0.0,0.0
143,"(55.664, 55.666]","(37.759, 37.767]",0.0,0.0,0.0,0.0,0.0
144,"(55.666, 55.669]","(37.495, 37.503]",0.0,0.0,0.0,0.0,0.0
145,"(55.666, 55.669]","(37.503, 37.51]",0.0,0.0,0.0,0.0,0.0
146,"(55.666, 55.669]","(37.51, 37.518]",0.0,0.0,0.0,0.0,0.0
147,"(55.666, 55.669]","(37.518, 37.526]",0.0,0.0,0.0,0.0,0.0
148,"(55.666, 55.669]","(37.526, 37.533]",0.0,0.0,0.0,0.0,0.0
149,"(55.666, 55.669]","(37.533, 37.541]",0.0,0.0,0.0,0.0,0.0
150,"(55.666, 55.669]","(37.541, 37.548]",0.0,0.0,0.0,0.0,0.0
151,"(55.666, 55.669]","(37.548, 37.556]",0.0,0.0,0.0,0.0,0.0
152,"(55.666, 55.669]","(37.556, 37.563]",0.0,0.0,0.0,0.0,0.0
153,"(55.666, 55.669]","(37.563, 37.571]",0.0,0.0,0.0,0.0,0.0
154,"(55.666, 55.669]","(37.571, 37.578]",0.0,0.0,0.0,0.0,0.0
155,"(55.666, 55.669]","(37.578, 37.586]",0.0,0.0,0.0,0.0,0.0
156,"(55.666, 55.669]","(37.586, 37.593]",0.0,0.0,0.0,0.0,0.0
157,"(55.666, 55.669]","(37.593, 37.601]",0.0,0.0,0.0,0.0,0.0
158,"(55.666, 55.669]","(37.601, 37.608]",0.0,0.0,0.0,0.0,0.0
159,"(55.666, 55.669]","(37.608, 37.616]",0.0,0.0,0.0,0.0,0.0
160,"(55.666, 55.669]","(37.616, 37.624]",0.0,0.0,0.0,0.0,0.0
161,"(55.666, 55.669]","(37.624, 37.631]",0.0,0.0,0.0,0.0,0.0
162,"(55.666, 55.669]","(37.631, 37.639]",0.0,0.0,0.0,0.0,0.0
163,"(55.666, 55.669]","(37.639, 37.646]",0.0,0.0,0.0,0.0,0.0
164,"(55.666, 55.669]","(37.646, 37.654]",0.0,0.0,0.0,0.0,0.0
165,"(55.666, 55.669]","(37.654, 37.661]",0.0,0.0,0.0,0.0,0.0
166,"(55.666, 55.669]","(37.661, 37.669]",0.0,0.0,0.0,0.0,0.0
167,"(55.666, 55.669]","(37.669, 37.676]",0.0,0.0,0.0,0.0,0.0
168,"(55.666, 55.669]","(37.676, 37.684]",0.0,0.0,0.0,0.0,0.0
169,"(55.666, 55.669]","(37.684, 37.691]",0.0,0.0,0.0,0.0,0.0
170,"(55.666, 55.669]","(37.691, 37.699]",0.0,0.0,0.0,0.0,0.0
171,"(55.666, 55.669]","(37.699, 37.706]",0.0,0.0,0.0,0.0,0.0
172,"(55.666, 55.669]","(37.706, 37.714]",0.0,0.0,0.0,0.0,0.0
173,"(55.666, 55.669]","(37.714, 37.722]",0.0,0.0,0.0,0.0,0.0
174,"(55.666, 55.669]","(37.722, 37.729]",0.0,0.0,0.0,0.0,0.0
175,"(55.666, 55.669]","(37.729, 37.737]",0.0,0.0,0.0,0.0,0.0
176,"(55.666, 55.669]","(37.737, 37.744]",0.0,0.0,0.0,0.0,0.0
177,"(55.666, 55.669]","(37.744, 37.752]",0.0,0.0,0.0,0.0,0.0
178,"(55.666, 55.669]","(37.752, 37.759]",0.0,0.0,0.0,0.0,0.0
179,"(55.666, 55.669]","(37.759, 37.767]",0.0,0.0,0.0,0.0,0.0
180,"(55.669, 55.672]","(37.495, 37.503]",0.0,0.0,0.0,0.0,0.0
181,"(55.669, 55.672]","(37.503, 37.51]",0.0,0.0,0.0,0.0,0.0
182,"(55.669, 55.672]","(37.51, 37.518]",0.0,0.0,0.0,0.0,0.0
183,"(55.669, 55.672]","(37.518, 37.526]",0.0,0.0,0.0,0.0,0.0
184,"(55.669, 55.672]","(37.526, 37.533]",0.0,0.0,0.0,0.0,0.0
185,"(55.669, 55.672]","(37.533, 37.541]",0.0,0.0,0.0,0.0,0.0
186,"(55.669, 55.672]","(37.541, 37.548]",0.0,0.0,0.0,0.0,0.0
187,"(55.669, 55.672]","(37.548, 37.556]",0.0,0.0,0.0,0.0,0.0
188,"(55.669, 55.672]","(37.556, 37.563]",0.0,0.0,0.0,0.0,0.0
189,"(55.669, 55.672]","(37.563, 37.571]",0.0,0.0,0.0,0.0,0.0
190,"(55.669, 55.672]","(37.571, 37.578]",0.0,0.0,0.0,0.0,0.0
191,"(55.669, 55.672]","(37.578, 37.586]",0.0,0.0,0.0,0.0,0.0
192,"(55.669, 55.672]","(37.586, 37.593]",0.0,0.0,0.0,0.0,0.0
193,"(55.669, 55.672]","(37.593, 37.601]",0.0,0.0,0.0,0.0,0.0
194,"(55.669, 55.672]","(37.601, 37.608]",0.0,0.0,0.0,0.0,0.0
195,"(55.669, 55.672]","(37.608, 37.616]",0.0,0.0,0.0,0.0,0.0
196,"(55.669, 55.672]","(37.616, 37.624]",0.0,0.0,0.0,0.0,0.0
197,"(55.669, 55.672]","(37.624, 37.631]",0.0,0.0,0.0,0.0,0.0
198,"(55.669, 55.672]","(37.631, 37.639]",0.0,0.0,0.0,0.0,0.0
199,"(55.669, 55.672]","(37.639, 37.646]",0.0,0.0,0.0,0.0,0.0
200,"(55.669, 55.672]","(37.646, 37.654]",0.0,0.0,0.0,0.0,0.0
201,"(55.669, 55.672]","(37.654, 37.661]",0.0,0.0,0.0,0.0,0.0
202,"(55.669, 55.672]","(37.661, 37.669]",0.0,0.0,0.0,0.0,0.0
203,"(55.669, 55.672]","(37.669, 37.676]",0.0,0.0,0.0,0.0,0.0
204,"(55.669, 55.672]","(37.676, 37.684]",0.0,0.0,0.0,0.0,0.0
205,"(55.669, 55.672]","(37.684, 37.691]",0.0,0.0,0.0,0.0,0.0
206,"(55.669, 55.672]","(37.691, 37.699]",0.0,0.0,0.0,0.0,0.0
207,"(55.669, 55.672]","(37.699, 37.706]",0.0,0.0,0.0,0.0,0.0
208,"(55.669, 55.672]","(37.706, 37.714]",0.0,0.0,0.0,0.0,0.0
209,"(55.669, 55.672]","(37.714, 37.722]",0.0,0.0,0.0,0.0,0.0
210,"(55.669, 55.672]","(37.722, 37.729]",0.0,0.0,0.0,0.0,0.0
211,"(55.669, 55.672]","(37.729, 37.737]",0.0,0.0,0.0,0.0,0.0
212,"(55.669, 55.672]","(37.737, 37.744]",0.0,0.0,0.0,0.0,0.0
213,"(55.669, 55.672]","(37.744, 37.752]",0.0,0.0,0.0,0.0,0.0
214,"(55.669, 55.672]","(37.752, 37.759]",0.0,0.0,0.0,0.0,0.0
215,"(55.669, 55.672]","(37.759, 37.767]",0.0,0.0,0.0,0.0,0.0
216,"(55.672, 55.675]","(37.495, 37.503]",0.0,0.0,0.0,0.0,0.0
217,"(55.672, 55.675]","(37.503, 37.51]",0.0,0.0,0.0,0.0,0.0
218,"(55.672, 55.675]","(37.51, 37.518]",0.0,0.0,0.0,0.0,0.0
219,"(55.672, 55.675]","(37.518, 37.526]",0.0,0.0,0.0,0.0,0.0
220,"(55.672, 55.675]","(37.526, 37.533]",0.0,0.0,0.0,0.0,0.0
221,"(55.672, 55.675]","(37.533, 37.541]",0.0,0.0,0.0,0.0,0.0
222,"(55.672, 55.675]","(37.541, 37.548]",0.0,0.0,0.0,0.0,0.0
223,"(55.672, 55.675]","(37.548, 37.556]",0.0,0.0,0.0,0.0,0.0
224,"(55.672, 55.675]","(37.556, 37.563]",0.0,0.0,0.0,0.0,0.0
225,"(55.672, 55.675]","(37.563, 37.571]",0.0,0.0,0.0,0.0,0.0
226,"(55.672, 55.675]","(37.571, 37.578]",0.0,0.0,0.0,0.0,0.0
227,"(55.672, 55.675]","(37.578, 37.586]",0.0,0.0,0.0,0.0,0.0
228,"(55.672, 55.675]","(37.586, 37.593]",0.0,0.0,0.0,0.0,0.0
229,"(55.672, 55.675]","(37.593, 37.601]",0.0,0.0,0.0,0.0,0.0
230,"(55.672, 55.675]","(37.601, 37.608]",0.0,0.0,0.0,0.0,0.0
231,"(55.672, 55.675]","(37.608, 37.616]",0.0,0.0,0.0,0.0,0.0
232,"(55.672, 55.675]","(37.616, 37.624]",0.0,0.0,0.0,0.0,0.0
233,"(55.672, 55.675]","(37.624, 37.631]",0.0,0.0,0.0,0.0,0.0
234,"(55.672, 55.675]","(37.631, 37.639]",0.0,0.0,0.0,0.0,0.0
235,"(55.672, 55.675]","(37.639, 37.646]",0.0,0.0,0.0,0.0,0.0
236,"(55.672, 55.675]","(37.646, 37.654]",0.0,0.0,0.0,0.0,0.0
237,"(55.672, 55.675]","(37.654, 37.661]",0.0,0.0,0.0,0.0,0.0
238,"(55.672, 55.675]","(37.661, 37.669]",0.0,0.0,0.0,0.0,0.0
239,"(55.672, 55.675]","(37.669, 37.676]",0.0,0.0,0.0,0.0,0.0
240,"(55.672, 55.675]","(37.676, 37.684]",0.0,0.0,0.0,0.0,0.0
241,"(55.672, 55.675]","(37.684, 37.691]",0.0,0.0,0.0,0.0,0.0
242,"(55.672, 55.675]","(37.691, 37.699]",0.0,0.0,0.0,0.0,0.0
243,"(55.672, 55.675]","(37.699, 37.706]",0.0,0.0,0.0,0.0,0.0
244,"(55.672, 55.675]","(37.706, 37.714]",0.0,0.0,0.0,0.0,0.0
245,"(55.672, 55.675]","(37.714, 37.722]",0.0,0.0,0.0,0.0,0.0
246,"(55.672, 55.675]","(37.722, 37.729]",0.0,0.0,0.0,0.0,0.0
247,"(55.672, 55.675]","(37.729, 37.737]",0.0,0.0,0.0,0.0,0.0
248,"(55.672, 55.675]","(37.737, 37.744]",0.0,0.0,0.0,0.0,0.0
249,"(55.672, 55.675]","(37.744, 37.752]",0.0,0.0,0.0,0.0,0.0
250,"(55.672, 55.675]","(37.752, 37.759]",0.0,0.0,0.0,0.0,0.0
251,"(55.672, 55.675]","(37.759, 37.767]",0.0,0.0,0.0,0.0,0.0
252,"(55.675, 55.678]","(37.495, 37.503]",0.0,0.0,0.0,0.0,0.0
253,"(55.675, 55.678]","(37.503, 37.51]",0.0,0.0,0.0,0.0,0.0
254,"(55.675, 55.678]","(37.51, 37.518]",0.0,0.0,0.0,0.0,0.0
255,"(55.675, 55.678]","(37.518, 37.526]",0.0,0.0,0.0,0.0,0.0
256,"(55.675, 55.678]","(37.526, 37.533]",0.0,0.0,0.0,0.0,0.0
257,"(55.675, 55.678]","(37.533, 37.541]",0.0,0.0,0.0,0.0,0.0
258,"(55.675, 55.678]","(37.541, 37.548]",0.0,0.0,0.0,0.0,0.0
259,"(55.675, 55.678]","(37.548, 37.556]",0.0,0.0,0.0,0.0,0.0
260,"(55.675, 55.678]","(37.556, 37.563]",0.0,0.0,0.0,0.0,0.0
261,"(55.675, 55.678]","(37.563, 37.571]",0.0,0.0,0.0,0.0,0.0
262,"(55.675, 55.678]","(37.571, 37.578]",0.0,0.0,0.0,0.0,0.0
263,"(55.675, 55.678]","(37.578, 37.586]",0.0,0.0,0.0,0.0,0.0
264,"(55.675, 55.678]","(37.586, 37.593]",0.0,0.0,0.0,0.0,0.0
265,"(55.675, 55.678]","(37.593, 37.601]",0.0,0.0,0.0,0.0,0.0
266,"(55.675, 55.678]","(37.601, 37.608]",0.0,0.0,0.0,0.0,0.0
267,"(55.675, 55.678]","(37.608, 37.616]",0.0,0.0,0.0,0.0,0.0
268,"(55.675, 55.678]","(37.616, 37.624]",0.0,0.0,0.0,0.0,0.0
269,"(55.675, 55.678]","(37.624, 37.631]",0.0,0.0,0.0,0.0,0.0
270,"(55.675, 55.678]","(37.631, 37.639]",0.0,0.0,0.0,0.0,0.0
271,"(55.675, 55.678]","(37.639, 37.646]",0.0,0.0,0.0,0.0,0.0
272,"(55.675, 55.678]","(37.646, 37.654]",0.0,0.0,0.0,0.0,0.0
273,"(55.675, 55.678]","(37.654, 37.661]",0.0,0.0,0.0,0.0,0.0
274,"(55.675, 55.678]","(37.661, 37.669]",0.0,0.0,0.0,0.0,0.0
275,"(55.675, 55.678]","(37.669, 37.676]",0.0,0.0,0.0,0.0,0.0
276,"(55.675, 55.678]","(37.676, 37.684]",0.0,0.0,0.0,0.0,0.0
277,"(55.675, 55.678]","(37.684, 37.691]",0.0,0.0,0.0,0.0,0.0
278,"(55.675, 55.678]","(37.691, 37.699]",0.0,0.0,0.0,0.0,0.0
279,"(55.675, 55.678]","(37.699, 37.706]",0.0,0.0,0.0,0.0,0.0
280,"(55.675, 55.678]","(37.706, 37.714]",0.0,0.0,0.0,0.0,0.0
281,"(55.675, 55.678]","(37.714, 37.722]",0.0,0.0,0.0,0.0,0.0
282,"(55.675, 55.678]","(37.722, 37.729]",0.0,0.0,0.0,0.0,0.0
283,"(55.675, 55.678]","(37.729, 37.737]",0.0,0.0,0.0,0.0,0.0
284,"(55.675, 55.678]","(37.737, 37.744]",0.0,0.0,0.0,0.0,0.0
285,"(55.675, 55.678]","(37.744, 37.752]",0.0,0.0,0.0,0.0,0.0
286,"(55.675, 55.678]","(37.752, 37.759]",0.0,0.0,0.0,0.0,0.0
287,"(55.675, 55.678]","(37.759, 37.767]",0.0,0.0,0.0,0.0,0.0
288,"(55.678, 55.68]","(37.495, 37.503]",0.0,0.0,0.0,0.0,0.0
289,"(55.678, 55.68]","(37.503, 37.51]",0.0,0.0,0.0,0.0,0.0
290,"(55.678, 55.68]","(37.51, 37.518]",0.0,0.0,0.0,0.0,0.0
291,"(55.678, 55.68]","(37.518, 37.526]",0.0,0.0,0.0,0.0,0.0
292,"(55.678, 55.68]","(37.526, 37.533]",0.0,0.0,0.0,0.0,0.0
293,"(55.678, 55.68]","(37.533, 37.541]",0.0,0.0,0.0,0.0,0.0
294,"(55.678, 55.68]","(37.541, 37.548]",0.0,0.0,0.0,0.0,0.0
295,"(55.678, 55.68]","(37.548, 37.556]",0.0,0.0,0.0,0.0,0.0
296,"(55.678, 55.68]","(37.556, 37.563]",0.0,0.0,0.0,0.0,0.0
297,"(55.678, 55.68]","(37.563, 37.571]",0.0,0.0,0.0,0.0,0.0
298,"(55.678, 55.68]","(37.571, 37.578]",0.0,0.0,0.0,0.0,0.0
299,"(55.678, 55.68]","(37.578, 37.586]",0.0,0.0,0.0,0.0,0.0
300,"(55.678, 55.68]","(37.586, 37.593]",0.0,0.0,0.0,0.0,0.0
301,"(55.678, 55.68]","(37.593, 37.601]",0.0,0.0,0.0,0.0,0.0
302,"(55.678, 55.68]","(37.601, 37.608]",0.0,0.0,0.0,0.0,0.0
303,"(55.678, 55.68]","(37.608, 37.616]",0.0,0.0,0.0,0.0,0.0
304,"(55.678, 55.68]","(37.616, 37.624]",0.0,0.0,0.0,0.0,0.0
305,"(55.678, 55.68]","(37.624, 37.631]",0.0,0.0,0.0,0.0,0.0
306,"(55.678, 55.68]","(37.631, 37.639]",0.0,0.0,0.0,0.0,0.0
307,"(55.678, 55.68]","(37.639, 37.646]",0.0,0.0,0.0,0.0,0.0
308,"(55.678, 55.68]","(37.646, 37.654]",0.0,0.0,0.0,0.0,0.0
309,"(55.678, 55.68]","(37.654, 37.661]",0.0,0.0,0.0,0.0,0.0
310,"(55.678, 55.68]","(37.661, 37.669]",0.0,0.0,0.0,0.0,0.0
311,"(55.678, 55.68]","(37.669, 37.676]",0.0,0.0,0.0,0.0,0.0
312,"(55.678, 55.68]","(37.676, 37.684]",0.0,0.0,0.0,0.0,0.0
313,"(55.678, 55.68]","(37.684, 37.691]",0.0,0.0,0.0,0.0,0.0
314,"(55.678, 55.68]","(37.691, 37.699]",0.0,0.0,0.0,0.0,0.0
315,"(55.678, 55.68]","(37.699, 37.706]",0.0,0.0,0.0,0.0,0.0
316,"(55.678, 55.68]","(37.706, 37.714]",0.0,0.0,0.0,0.0,0.0
317,"(55.678, 55.68]","(37.714, 37.722]",0.0,0.0,0.0,0.0,0.0
318,"(55.678, 55.68]","(37.722, 37.729]",0.0,0.0,0.0,0.0,0.0
319,"(55.678, 55.68]","(37.729, 37.737]",0.0,0.0,0.0,0.0,0.0
320,"(55.678, 55.68]","(37.737, 37.744]",0.0,0.0,0.0,0.0,0.0
321,"(55.678, 55.68]","(37.744, 37.752]",0.0,0.0,0.0,0.0,0.0
322,"(55.678, 55.68]","(37.752, 37.759]",0.0,0.0,0.0,0.0,0.0
323,"(55.678, 55.68]","(37.759, 37.767]",0.0,0.0,0.0,0.0,0.0
324,"(55.68, 55.683]","(37.495, 37.503]",0.0,0.0,0.0,0.0,0.0
325,"(55.68, 55.683]","(37.503, 37.51]",0.0,0.0,0.0,0.0,0.0
326,"(55.68, 55.683]","(37.51, 37.518]",0.0,0.0,0.0,0.0,0.0
327,"(55.68, 55.683]","(37.518, 37.526]",0.0,0.0,0.0,0.0,0.0
328,"(55.68, 55.683]","(37.526, 37.533]",0.0,0.0,0.0,0.0,0.0
329,"(55.68, 55.683]","(37.533, 37.541]",0.0,0.0,0.0,0.0,0.0
330,"(55.68, 55.683]","(37.541, 37.548]",0.0,0.0,0.0,0.0,0.0
331,"(55.68, 55.683]","(37.548, 37.556]",0.0,0.0,0.0,0.0,0.0
332,"(55.68, 55.683]","(37.556, 37.563]",0.0,0.0,0.0,0.0,0.0
333,"(55.68, 55.683]","(37.563, 37.571]",0.0,0.0,0.0,0.0,0.0
334,"(55.68, 55.683]","(37.571, 37.578]",0.0,0.0,0.0,0.0,0.0
335,"(55.68, 55.683]","(37.578, 37.586]",0.0,0.0,0.0,0.0,0.0
336,"(55.68, 55.683]","(37.586, 37.593]",0.0,0.0,0.0,0.0,0.0
337,"(55.68, 55.683]","(37.593, 37.601]",0.0,0.0,0.0,0.0,0.0
338,"(55.68, 55.683]","(37.601, 37.608]",0.0,0.0,0.0,0.0,0.0
339,"(55.68, 55.683]","(37.608, 37.616]",0.0,0.0,0.0,0.0,0.0
340,"(55.68, 55.683]","(37.616, 37.624]",0.0,0.0,0.0,0.0,0.0
341,"(55.68, 55.683]","(37.624, 37.631]",0.0,0.0,0.0,0.0,0.0
342,"(55.68, 55.683]","(37.631, 37.639]",0.0,0.0,0.0,0.0,0.0
343,"(55.68, 55.683]","(37.639, 37.646]",0.0,0.0,0.0,0.0,0.0
344,"(55.68, 55.683]","(37.646, 37.654]",0.0,0.0,0.0,0.0,0.0
345,"(55.68, 55.683]","(37.654, 37.661]",0.0,0.0,0.0,0.0,0.0
346,"(55.68, 55.683]","(37.661, 37.669]",0.0,0.0,0.0,0.0,0.0
347,"(55.68, 55.683]","(37.669, 37.676]",0.0,0.0,0.0,0.0,0.0
348,"(55.68, 55.683]","(37.676, 37.684]",0.0,0.0,0.0,0.0,0.0
349,"(55.68, 55.683]","(37.684, 37.691]",0.0,0.0,0.0,0.0,0.0
350,"(55.68, 55.683]","(37.691, 37.699]",0.0,0.0,0.0,0.0,0.0
351,"(55.68, 55.683]","(37.699, 37.706]",0.0,0.0,0.0,0.0,0.0
352,"(55.68, 55.683]","(37.706, 37.714]",0.0,0.0,0.0,0.0,0.0
353,"(55.68, 55.683]","(37.714, 37.722]",0.0,0.0,0.0,0.0,0.0
354,"(55.68, 55.683]","(37.722, 37.729]",0.0,0.0,0.0,0.0,0.0
355,"(55.68, 55.683]","(37.729, 37.737]",0.0,0.0,0.0,0.0,0.0
356,"(55.68, 55.683]","(37.737, 37.744]",0.0,0.0,0.0,0.0,0.0
357,"(55.68, 55.683]","(37.744, 37.752]",0.0,0.0,0.0,0.0,0.0
358,"(55.68, 55.683]","(37.752, 37.759]",0.0,0.0,0.0,0.0,0.0
359,"(55.68, 55.683]","(37.759, 37.767]",0.0,0.0,0.0,0.0,0.0
360,"(55.683, 55.686]","(37.495, 37.503]",0.0,0.0,0.0,0.0,0.0
361,"(55.683, 55.686]","(37.503, 37.51]",0.0,0.0,0.0,0.0,0.0
362,"(55.683, 55.686]","(37.51, 37.518]",0.0,0.0,0.0,0.0,0.0
363,"(55.683, 55.686]","(37.518, 37.526]",0.0,0.0,0.0,0.0,0.0
364,"(55.683, 55.686]","(37.526, 37.533]",0.0,0.0,0.0,0.0,0.0
365,"(55.683, 55.686]","(37.533, 37.541]",0.0,0.0,0.0,0.0,0.0
366,"(55.683, 55.686]","(37.541, 37.548]",0.0,0.0,0.0,0.0,0.0
367,"(55.683, 55.686]","(37.548, 37.556]",0.0,0.0,0.0,0.0,0.0
368,"(55.683, 55.686]","(37.556, 37.563]",0.0,0.0,0.0,0.0,0.0
369,"(55.683, 55.686]","(37.563, 37.571]",0.0,0.0,0.0,0.0,0.0
370,"(55.683, 55.686]","(37.571, 37.578]",0.0,0.0,0.0,0.0,0.0
371,"(55.683, 55.686]","(37.578, 37.586]",0.0,0.0,0.0,0.0,0.0
372,"(55.683, 55.686]","(37.586, 37.593]",0.0,0.0,0.0,0.0,0.0
373,"(55.683, 55.686]","(37.593, 37.601]",0.0,0.0,0.0,0.0,0.0
374,"(55.683, 55.686]","(37.601, 37.608]",0.0,0.0,0.0,0.0,0.0
375,"(55.683, 55.686]","(37.608, 37.616]",0.0,0.0,0.0,0.0,0.0
376,"(55.683, 55.686]","(37.616, 37.624]",0.0,0.0,0.0,0.0,0.0
377,"(55.683, 55.686]","(37.624, 37.631]",0.0,0.0,0.0,0.0,0.0
378,"(55.683, 55.686]","(37.631, 37.639]",0.0,0.0,0.0,0.0,0.0
379,"(55.683, 55.686]","(37.639, 37.646]",0.0,0.0,0.0,0.0,0.0
380,"(55.683, 55.686]","(37.646, 37.654]",0.0,0.0,0.0,0.0,0.0
381,"(55.683, 55.686]","(37.654, 37.661]",0.0,0.0,0.0,0.0,0.0
382,"(55.683, 55.686]","(37.661, 37.669]",0.0,0.0,0.0,0.0,0.0
383,"(55.683, 55.686]","(37.669, 37.676]",0.0,0.0,0.0,0.0,0.0
384,"(55.683, 55.686]","(37.676, 37.684]",0.0,0.0,0.0,0.0,0.0
385,"(55.683, 55.686]","(37.684, 37.691]",0.0,0.0,0.0,0.0,0.0
386,"(55.683, 55.686]","(37.691, 37.699]",0.0,0.0,0.0,0.0,0.0
387,"(55.683, 55.686]","(37.699, 37.706]",0.0,0.0,0.0,0.0,0.0
388,"(55.683, 55.686]","(37.706, 37.714]",0.0,0.0,0.0,0.0,0.0
389,"(55.683, 55.686]","(37.714, 37.722]",0.0,0.0,0.0,0.0,0.0
390,"(55.683, 55.686]","(37.722, 37.729]",0.0,0.0,0.0,0.0,0.0
391,"(55.683, 55.686]","(37.729, 37.737]",0.0,0.0,0.0,0.0,0.0
392,"(55.683, 55.686]","(37.737, 37.744]",0.0,0.0,0.0,0.0,0.0
393,"(55.683, 55.686]","(37.744, 37.752]",0.0,0.0,0.0,0.0,0.0
394,"(55.683, 55.686]","(37.752, 37.759]",0.0,0.0,0.0,0.0,0.0
395,"(55.683, 55.686]","(37.759, 37.767]",0.0,0.0,0.0,0.0,0.0
396,"(55.686, 55.689]","(37.495, 37.503]",0.0,0.0,0.0,0.0,0.0
397,"(55.686, 55.689]","(37.503, 37.51]",0.0,0.0,0.0,0.0,0.0
398,"(55.686, 55.689]","(37.51, 37.518]",0.0,0.0,0.0,0.0,0.0
399,"(55.686, 55.689]","(37.518, 37.526]",0.0,0.0,0.0,0.0,0.0
400,"(55.686, 55.689]","(37.526, 37.533]",0.0,0.0,0.0,0.0,0.0
401,"(55.686, 55.689]","(37.533, 37.541]",0.0,0.0,0.0,0.0,0.0
402,"(55.686, 55.689]","(37.541, 37.548]",0.0,0.0,0.0,0.0,0.0
403,"(55.686, 55.689]","(37.548, 37.556]",0.0,0.0,0.0,0.0,0.0
404,"(55.686, 55.689]","(37.556, 37.563]",0.0,0.0,0.0,0.0,0.0
405,"(55.686, 55.689]","(37.563, 37.571]",0.0,0.0,0.0,0.0,0.0
406,"(55.686, 55.689]","(37.571, 37.578]",0.0,0.0,0.0,0.0,0.0
407,"(55.686, 55.689]","(37.578, 37.586]",0.0,0.0,0.0,0.0,0.0
408,"(55.686, 55.689]","(37.586, 37.593]",0.0,0.0,0.0,0.0,0.0
409,"(55.686, 55.689]","(37.593, 37.601]",0.0,0.0,0.0,0.0,0.0
410,"(55.686, 55.689]","(37.601, 37.608]",0.0,0.0,0.0,0.0,0.0
411,"(55.686, 55.689]","(37.608, 37.616]",0.0,0.0,0.0,0.0,0.0
412,"(55.686, 55.689]","(37.616, 37.624]",0.0,0.0,0.0,0.0,0.0
413,"(55.686, 55.689]","(37.624, 37.631]",0.0,0.0,0.0,0.0,0.0
414,"(55.686, 55.689]","(37.631, 37.639]",0.0,0.0,0.0,0.0,0.0
415,"(55.686, 55.689]","(37.639, 37.646]",0.0,0.0,0.0,0.0,0.0
416,"(55.686, 55.689]","(37.646, 37.654]",0.0,0.0,0.0,0.0,0.0
417,"(55.686, 55.689]","(37.654, 37.661]",0.0,0.0,0.0,0.0,0.0
418,"(55.686, 55.689]","(37.661, 37.669]",0.0,0.0,0.0,0.0,0.0
419,"(55.686, 55.689]","(37.669, 37.676]",0.0,0.0,0.0,0.0,0.0
420,"(55.686, 55.689]","(37.676, 37.684]",0.0,0.0,0.0,0.0,0.0
421,"(55.686, 55.689]","(37.684, 37.691]",0.0,0.0,0.0,0.0,0.0
422,"(55.686, 55.689]","(37.691, 37.699]",0.0,0.0,0.0,0.0,0.0
423,"(55.686, 55.689]","(37.699, 37.706]",0.0,0.0,0.0,0.0,0.0
424,"(55.686, 55.689]","(37.706, 37.714]",0.0,0.0,0.0,0.0,0.0
425,"(55.686, 55.689]","(37.714, 37.722]",0.0,0.0,0.0,0.0,0.0
426,"(55.686, 55.689]","(37.722, 37.729]",0.0,0.0,0.0,0.0,0.0
427,"(55.686, 55.689]","(37.729, 37.737]",0.0,0.0,0.0,0.0,0.0
428,"(55.686, 55.689]","(37.737, 37.744]",0.0,0.0,0.0,0.0,0.0
429,"(55.686, 55.689]","(37.744, 37.752]",0.0,0.0,0.0,0.0,0.0
430,"(55.686, 55.689]","(37.752, 37.759]",0.0,0.0,0.0,0.0,0.0
431,"(55.686, 55.689]","(37.759, 37.767]",0.0,0.0,0.0,0.0,0.0
432,"(55.689, 55.692]","(37.495, 37.503]",0.0,0.0,0.0,0.0,0.0
433,"(55.689, 55.692]","(37.503, 37.51]",0.0,0.0,0.0,0.0,0.0
434,"(55.689, 55.692]","(37.51, 37.518]",0.0,0.0,0.0,0.0,0.0
435,"(55.689, 55.692]","(37.518, 37.526]",0.0,0.0,0.0,0.0,0.0
436,"(55.689, 55.692]","(37.526, 37.533]",0.0,0.0,0.0,0.0,0.0
437,"(55.689, 55.692]","(37.533, 37.541]",0.0,0.0,0.0,0.0,0.0
438,"(55.689, 55.692]","(37.541, 37.548]",0.0,0.0,0.0,0.0,0.0
439,"(55.689, 55.692]","(37.548, 37.556]",0.0,0.0,0.0,0.0,0.0
440,"(55.689, 55.692]","(37.556, 37.563]",0.0,0.0,0.0,0.0,0.0
441,"(55.689, 55.692]","(37.563, 37.571]",0.0,0.0,0.0,0.0,0.0
442,"(55.689, 55.692]","(37.571, 37.578]",0.0,0.0,0.0,0.0,0.0
443,"(55.689, 55.692]","(37.578, 37.586]",0.0,0.0,0.0,0.0,0.0
444,"(55.689, 55.692]","(37.586, 37.593]",0.0,0.0,0.0,0.0,0.0
445,"(55.689, 55.692]","(37.593, 37.601]",0.0,0.0,0.0,0.0,0.0
446,"(55.689, 55.692]","(37.601, 37.608]",0.0,0.0,0.0,0.0,0.0
447,"(55.689, 55.692]","(37.608, 37.616]",0.0,0.0,0.0,0.0,0.0
448,"(55.689, 55.692]","(37.616, 37.624]",0.0,0.0,0.0,0.0,0.0
449,"(55.689, 55.692]","(37.624, 37.631]",0.0,0.0,0.0,0.0,0.0
450,"(55.689, 55.692]","(37.631, 37.639]",0.0,0.0,0.0,0.0,0.0
451,"(55.689, 55.692]","(37.639, 37.646]",0.0,0.0,0.0,0.0,0.0
452,"(55.689, 55.692]","(37.646, 37.654]",0.0,0.0,0.0,0.0,0.0
453,"(55.689, 55.692]","(37.654, 37.661]",0.0,0.0,0.0,0.0,0.0
454,"(55.689, 55.692]","(37.661, 37.669]",0.0,0.0,0.0,0.0,0.0
455,"(55.689, 55.692]","(37.669, 37.676]",0.0,0.0,0.0,0.0,0.0
456,"(55.689, 55.692]","(37.676, 37.684]",0.0,0.0,0.0,0.0,0.0
457,"(55.689, 55.692]","(37.684, 37.691]",0.0,0.0,0.0,0.0,0.0
458,"(55.689, 55.692]","(37.691, 37.699]",0.0,0.0,0.0,0.0,0.0
459,"(55.689, 55.692]","(37.699, 37.706]",0.0,0.0,0.0,0.0,0.0
460,"(55.689, 55.692]","(37.706, 37.714]",0.0,0.0,0.0,0.0,0.0
461,"(55.689, 55.692]","(37.714, 37.722]",0.0,0.0,0.0,0.0,0.0
462,"(55.689, 55.692]","(37.722, 37.729]",0.0,0.0,0.0,0.0,0.0
463,"(55.689, 55.692]","(37.729, 37.737]",0.0,0.0,0.0,0.0,0.0
464,"(55.689, 55.692]","(37.737, 37.744]",0.0,0.0,0.0,0.0,0.0
465,"(55.689, 55.692]","(37.744, 37.752]",0.0,0.0,0.0,0.0,0.0
466,"(55.689, 55.692]","(37.752, 37.759]",0.0,0.0,0.0,0.0,0.0
467,"(55.689, 55.692]","(37.759, 37.767]",0.0,0.0,0.0,0.0,0.0
468,"(55.692, 55.694]","(37.495, 37.503]",0.0,0.0,0.0,0.0,0.0
469,"(55.692, 55.694]","(37.503, 37.51]",0.0,0.0,0.0,0.0,0.0
470,"(55.692, 55.694]","(37.51, 37.518]",0.0,0.0,0.0,0.0,0.0
471,"(55.692, 55.694]","(37.518, 37.526]",0.0,0.0,0.0,0.0,0.0
472,"(55.692, 55.694]","(37.526, 37.533]",0.0,0.0,0.0,0.0,0.0
473,"(55.692, 55.694]","(37.533, 37.541]",0.0,0.0,0.0,0.0,0.0
474,"(55.692, 55.694]","(37.541, 37.548]",0.0,0.0,0.0,0.0,0.0
475,"(55.692, 55.694]","(37.548, 37.556]",0.0,0.0,0.0,0.0,0.0
476,"(55.692, 55.694]","(37.556, 37.563]",0.0,0.0,0.0,0.0,0.0
477,"(55.692, 55.694]","(37.563, 37.571]",0.0,0.0,0.0,0.0,0.0
478,"(55.692, 55.694]","(37.571, 37.578]",0.0,0.0,0.0,0.0,0.0
479,"(55.692, 55.694]","(37.578, 37.586]",0.0,0.0,0.0,0.0,0.0
480,"(55.692, 55.694]","(37.586, 37.593]",0.0,0.0,0.0,0.0,0.0
481,"(55.692, 55.694]","(37.593, 37.601]",0.0,0.0,0.0,0.0,0.0
482,"(55.692, 55.694]","(37.601, 37.608]",0.0,0.0,0.0,0.0,0.0
483,"(55.692, 55.694]","(37.608, 37.616]",0.0,0.0,0.0,0.0,0.0
484,"(55.692, 55.694]","(37.616, 37.624]",0.0,0.0,0.0,0.0,0.0
485,"(55.692, 55.694]","(37.624, 37.631]",0.0,0.0,0.0,0.0,0.0
486,"(55.692, 55.694]","(37.631, 37.639]",0.0,0.0,0.0,0.0,0.0
487,"(55.692, 55.694]","(37.639, 37.646]",0.0,0.0,0.0,0.0,0.0
488,"(55.692, 55.694]","(37.646, 37.654]",0.0,0.0,0.0,0.0,0.0
489,"(55.692, 55.694]","(37.654, 37.661]",0.0,0.0,0.0,0.0,0.0
490,"(55.692, 55.694]","(37.661, 37.669]",0.0,0.0,0.0,0.0,0.0
491,"(55.692, 55.694]","(37.669, 37.676]",0.0,0.0,0.0,0.0,0.0
492,"(55.692, 55.694]","(37.676, 37.684]",0.0,0.0,0.0,0.0,0.0
493,"(55.692, 55.694]","(37.684, 37.691]",0.0,0.0,0.0,0.0,0.0
494,"(55.692, 55.694]","(37.691, 37.699]",0.0,0.0,0.0,0.0,0.0
495,"(55.692, 55.694]","(37.699, 37.706]",0.0,0.0,0.0,0.0,0.0
496,"(55.692, 55.694]","(37.706, 37.714]",0.0,0.0,0.0,0.0,0.0
497,"(55.692, 55.694]","(37.714, 37.722]",0.0,0.0,0.0,0.0,0.0
498,"(55.692, 55.694]","(37.722, 37.729]",0.0,0.0,0.0,0.0,0.0
499,"(55.692, 55.694]","(37.729, 37.737]",0.0,0.0,0.0,0.0,0.0
500,"(55.692, 55.694]","(37.737, 37.744]",0.0,0.0,0.0,0.0,0.0
501,"(55.692, 55.694]","(37.744, 37.752]",0.0,0.0,0.0,0.0,0.0
502,"(55.692, 55.694]","(37.752, 37.759]",0.0,0.0,0.0,0.0,0.0
503,"(55.692, 55.694]","(37.759, 37.767]",0.0,0.0,0.0,0.0,0.0
504,"(55.694, 55.697]","(37.495, 37.503]",0.0,0.0,0.0,0.0,0.0
505,"(55.694, 55.697]","(37.503, 37.51]",0.0,0.0,0.0,0.0,0.0
506,"(55.694, 55.697]","(37.51, 37.518]",0.0,0.0,0.0,0.0,0.0
507,"(55.694, 55.697]","(37.518, 37.526]",0.0,0.0,0.0,0.0,0.0
508,"(55.694, 55.697]","(37.526, 37.533]",0.0,0.0,0.0,0.0,0.0
509,"(55.694, 55.697]","(37.533, 37.541]",0.0,0.0,0.0,0.0,0.0
510,"(55.694, 55.697]","(37.541, 37.548]",0.0,0.0,0.0,0.0,0.0
511,"(55.694, 55.697]","(37.548, 37.556]",0.0,0.0,0.0,0.0,0.0
512,"(55.694, 55.697]","(37.556, 37.563]",0.0,0.0,0.0,0.0,0.0
513,"(55.694, 55.697]","(37.563, 37.571]",0.0,0.0,0.0,0.0,0.0
514,"(55.694, 55.697]","(37.571, 37.578]",0.0,0.0,0.0,0.0,0.0
515,"(55.694, 55.697]","(37.578, 37.586]",0.0,0.0,0.0,0.0,0.0
516,"(55.694, 55.697]","(37.586, 37.593]",0.0,0.0,0.0,0.0,0.0
517,"(55.694, 55.697]","(37.593, 37.601]",0.0,0.0,0.0,0.0,0.0
518,"(55.694, 55.697]","(37.601, 37.608]",0.0,0.0,0.0,0.0,0.0
519,"(55.694, 55.697]","(37.608, 37.616]",0.0,0.0,0.0,0.0,0.0
520,"(55.694, 55.697]","(37.616, 37.624]",0.0,0.0,0.0,0.0,0.0
521,"(55.694, 55.697]","(37.624, 37.631]",0.0,0.0,0.0,0.0,0.0
522,"(55.694, 55.697]","(37.631, 37.639]",0.0,0.0,0.0,0.0,0.0
523,"(55.694, 55.697]","(37.639, 37.646]",0.0,0.0,0.0,0.0,0.0
524,"(55.694, 55.697]","(37.646, 37.654]",0.0,0.0,0.0,0.0,0.0
525,"(55.694, 55.697]","(37.654, 37.661]",0.0,0.0,0.0,0.0,0.0
526,"(55.694, 55.697]","(37.661, 37.669]",0.0,0.0,0.0,0.0,0.0
527,"(55.694, 55.697]","(37.669, 37.676]",0.0,0.0,0.0,0.0,0.0
528,"(55.694, 55.697]","(37.676, 37.684]",0.0,0.0,0.0,0.0,0.0
529,"(55.694, 55.697]","(37.684, 37.691]",0.0,0.0,0.0,0.0,0.0
530,"(55.694, 55.697]","(37.691, 37.699]",0.0,0.0,0.0,0.0,0.0
531,"(55.694, 55.697]","(37.699, 37.706]",0.0,0.0,0.0,0.0,0.0
532,"(55.694, 55.697]","(37.706, 37.714]",0.0,0.0,0.0,0.0,0.0
533,"(55.694, 55.697]","(37.714, 37.722]",0.0,0.0,0.0,0.0,0.0
534,"(55.694, 55.697]","(37.722, 37.729]",0.0,0.0,0.0,0.0,0.0
535,"(55.694, 55.697]","(37.729, 37.737]",0.0,0.0,0.0,0.0,0.0
536,"(55.694, 55.697]","(37.737, 37.744]",0.0,0.0,0.0,0.0,0.0
537,"(55.694, 55.697]","(37.744, 37.752]",0.0,0.0,0.0,0.0,0.0
538,"(55.694, 55.697]","(37.752, 37.759]",0.0,0.0,0.0,0.0,0.0
539,"(55.694, 55.697]","(37.759, 37.767]",0.0,0.0,0.0,0.0,0.0
540,"(55.697, 55.7]","(37.495, 37.503]",0.0,0.0,0.0,0.0,0.0
541,"(55.697, 55.7]","(37.503, 37.51]",0.0,0.0,0.0,0.0,0.0
542,"(55.697, 55.7]","(37.51, 37.518]",0.0,0.0,0.0,0.0,0.0
543,"(55.697, 55.7]","(37.518, 37.526]",0.0,0.0,0.0,0.0,0.0
544,"(55.697, 55.7]","(37.526, 37.533]",0.0,0.0,0.0,0.0,0.0
545,"(55.697, 55.7]","(37.533, 37.541]",0.0,0.0,0.0,0.0,0.0
546,"(55.697, 55.7]","(37.541, 37.548]",0.0,0.0,0.0,0.0,0.0
547,"(55.697, 55.7]","(37.548, 37.556]",0.0,0.0,0.0,0.0,0.0
548,"(55.697, 55.7]","(37.556, 37.563]",0.0,0.0,0.0,0.0,0.0
549,"(55.697, 55.7]","(37.563, 37.571]",0.0,0.0,0.0,0.0,0.0
550,"(55.697, 55.7]","(37.571, 37.578]",0.0,0.0,0.0,0.0,0.0
551,"(55.697, 55.7]","(37.578, 37.586]",0.0,0.0,0.0,0.0,0.0
552,"(55.697, 55.7]","(37.586, 37.593]",0.0,0.0,0.0,0.0,0.0
553,"(55.697, 55.7]","(37.593, 37.601]",0.0,0.0,0.0,0.0,0.0
554,"(55.697, 55.7]","(37.601, 37.608]",0.0,0.0,0.0,0.0,0.0
555,"(55.697, 55.7]","(37.608, 37.616]",0.0,0.0,0.0,0.0,0.0
556,"(55.697, 55.7]","(37.616, 37.624]",0.0,0.0,0.0,0.0,0.0
557,"(55.697, 55.7]","(37.624, 37.631]",0.0,0.0,0.0,0.0,0.0
558,"(55.697, 55.7]","(37.631, 37.639]",0.0,0.0,0.0,0.0,0.0
559,"(55.697, 55.7]","(37.639, 37.646]",0.0,0.0,0.0,0.0,0.0
560,"(55.697, 55.7]","(37.646, 37.654]",0.0,0.0,0.0,0.0,0.0
561,"(55.697, 55.7]","(37.654, 37.661]",0.0,0.0,0.0,0.0,0.0
562,"(55.697, 55.7]","(37.661, 37.669]",0.0,0.0,0.0,0.0,0.0
563,"(55.697, 55.7]","(37.669, 37.676]",0.0,0.0,0.0,0.0,0.0
564,"(55.697, 55.7]","(37.676, 37.684]",0.0,0.0,0.0,0.0,0.0
565,"(55.697, 55.7]","(37.684, 37.691]",0.0,0.0,0.0,0.0,0.0
566,"(55.697, 55.7]","(37.691, 37.699]",0.0,0.0,0.0,0.0,0.0
567,"(55.697, 55.7]","(37.699, 37.706]",0.0,0.0,0.0,0.0,0.0
568,"(55.697, 55.7]","(37.706, 37.714]",0.0,0.0,0.0,0.0,0.0
569,"(55.697, 55.7]","(37.714, 37.722]",0.0,0.0,0.0,0.0,0.0
570,"(55.697, 55.7]","(37.722, 37.729]",0.0,0.0,0.0,0.0,0.0
571,"(55.697, 55.7]","(37.729, 37.737]",0.0,0.0,0.0,0.0,0.0
572,"(55.697, 55.7]","(37.737, 37.744]",0.0,0.0,0.0,0.0,0.0
573,"(55.697, 55.7]","(37.744, 37.752]",0.0,0.0,0.0,0.0,0.0
574,"(55.697, 55.7]","(37.752, 37.759]",0.0,0.0,0.0,0.0,0.0
575,"(55.697, 55.7]","(37.759, 37.767]",0.0,0.0,0.0,0.0,0.0
576,"(55.7, 55.703]","(37.495, 37.503]",0.0,0.0,0.0,0.0,0.0
577,"(55.7, 55.703]","(37.503, 37.51]",0.0,0.0,0.0,0.0,0.0
578,"(55.7, 55.703]","(37.51, 37.518]",0.0,0.0,0.0,0.0,0.0
579,"(55.7, 55.703]","(37.518, 37.526]",0.0,0.0,0.0,0.0,0.0
580,"(55.7, 55.703]","(37.526, 37.533]",0.0,0.0,0.0,0.0,0.0
581,"(55.7, 55.703]","(37.533, 37.541]",0.0,0.0,0.0,0.0,0.0
582,"(55.7, 55.703]","(37.541, 37.548]",0.0,0.0,0.0,0.0,0.0
583,"(55.7, 55.703]","(37.548, 37.556]",0.0,0.0,0.0,0.0,0.0
584,"(55.7, 55.703]","(37.556, 37.563]",0.0,0.0,0.0,0.0,0.0
585,"(55.7, 55.703]","(37.563, 37.571]",0.0,0.0,0.0,0.0,0.0
586,"(55.7, 55.703]","(37.571, 37.578]",0.0,0.0,0.0,0.0,0.0
587,"(55.7, 55.703]","(37.578, 37.586]",0.0,0.0,0.0,0.0,0.0
588,"(55.7, 55.703]","(37.586, 37.593]",0.0,0.0,0.0,0.0,0.0
589,"(55.7, 55.703]","(37.593, 37.601]",0.0,0.0,0.0,0.0,0.0
590,"(55.7, 55.703]","(37.601, 37.608]",0.0,0.0,0.0,0.0,0.0
591,"(55.7, 55.703]","(37.608, 37.616]",0.0,0.0,0.0,0.0,0.0
592,"(55.7, 55.703]","(37.616, 37.624]",0.0,0.0,0.0,0.0,0.0
593,"(55.7, 55.703]","(37.624, 37.631]",0.0,0.0,0.0,0.0,0.0
594,"(55.7, 55.703]","(37.631, 37.639]",0.0,0.0,0.0,0.0,0.0
595,"(55.7, 55.703]","(37.639, 37.646]",0.0,0.0,0.0,0.0,0.0
596,"(55.7, 55.703]","(37.646, 37.654]",0.0,0.0,0.0,0.0,0.0
597,"(55.7, 55.703]","(37.654, 37.661]",0.0,0.0,0.0,0.0,0.0
598,"(55.7, 55.703]","(37.661, 37.669]",0.0,0.0,0.0,0.0,0.0
599,"(55.7, 55.703]","(37.669, 37.676]",0.0,0.0,0.0,0.0,0.0
600,"(55.7, 55.703]","(37.676, 37.684]",0.0,0.0,0.0,0.0,0.0
601,"(55.7, 55.703]","(37.684, 37.691]",0.0,0.0,0.0,0.0,0.0
602,"(55.7, 55.703]","(37.691, 37.699]",0.0,0.0,0.0,0.0,0.0
603,"(55.7, 55.703]","(37.699, 37.706]",0.0,0.0,0.0,0.0,0.0
604,"(55.7, 55.703]","(37.706, 37.714]",0.0,0.0,0.0,0.0,0.0
605,"(55.7, 55.703]","(37.714, 37.722]",0.0,0.0,0.0,0.0,0.0
606,"(55.7, 55.703]","(37.722, 37.729]",0.0,0.0,0.0,0.0,0.0
607,"(55.7, 55.703]","(37.729, 37.737]",0.0,0.0,0.0,0.0,0.0
608,"(55.7, 55.703]","(37.737, 37.744]",0.0,0.0,0.0,0.0,0.0
609,"(55.7, 55.703]","(37.744, 37.752]",0.0,0.0,0.0,0.0,0.0
610,"(55.7, 55.703]","(37.752, 37.759]",0.0,0.0,0.0,0.0,0.0
611,"(55.7, 55.703]","(37.759, 37.767]",0.0,0.0,0.0,0.0,0.0
612,"(55.703, 55.706]","(37.495, 37.503]",0.0,0.0,0.0,0.0,0.0
613,"(55.703, 55.706]","(37.503, 37.51]",0.0,0.0,0.0,0.0,0.0
614,"(55.703, 55.706]","(37.51, 37.518]",0.0,0.0,0.0,0.0,0.0
615,"(55.703, 55.706]","(37.518, 37.526]",0.0,0.0,0.0,0.0,0.0
616,"(55.703, 55.706]","(37.526, 37.533]",0.0,0.0,0.0,0.0,0.0
617,"(55.703, 55.706]","(37.533, 37.541]",0.0,0.0,0.0,0.0,0.0
618,"(55.703, 55.706]","(37.541, 37.548]",0.0,0.0,0.0,0.0,0.0
619,"(55.703, 55.706]","(37.548, 37.556]",0.0,0.0,0.0,0.0,0.0
620,"(55.703, 55.706]","(37.556, 37.563]",0.0,0.0,0.0,0.0,0.0
621,"(55.703, 55.706]","(37.563, 37.571]",0.0,0.0,0.0,0.0,0.0
622,"(55.703, 55.706]","(37.571, 37.578]",0.0,0.0,0.0,0.0,0.0
623,"(55.703, 55.706]","(37.578, 37.586]",0.0,0.0,0.0,0.0,0.0
624,"(55.703, 55.706]","(37.586, 37.593]",0.0,0.0,0.0,0.0,0.0
625,"(55.703, 55.706]","(37.593, 37.601]",0.0,0.0,0.0,0.0,0.0
626,"(55.703, 55.706]","(37.601, 37.608]",0.0,0.0,0.0,0.0,0.0
627,"(55.703, 55.706]","(37.608, 37.616]",46.852132936507914,43.25034722222224,48.292847222222214,47.29153754094228,45.53391912320484
628,"(55.703, 55.706]","(37.616, 37.624]",0.0,0.0,0.0,0.0,0.0
629,"(55.703, 55.706]","(37.624, 37.631]",0.0,0.0,0.0,0.0,0.0
630,"(55.703, 55.706]","(37.631, 37.639]",0.0,0.0,0.0,0.0,0.0
631,"(55.703, 55.706]","(37.639, 37.646]",0.0,0.0,0.0,0.0,0.0
632,"(55.703, 55.706]","(37.646, 37.654]",0.0,0.0,0.0,0.0,0.0
633,"(55.703, 55.706]","(37.654, 37.661]",0.0,0.0,0.0,0.0,0.0
634,"(55.703, 55.706]","(37.661, 37.669]",0.0,0.0,0.0,0.0,0.0
635,"(55.703, 55.706]","(37.669, 37.676]",0.0,0.0,0.0,0.0,0.0
636,"(55.703, 55.706]","(37.676, 37.684]",0.0,0.0,0.0,0.0,0.0
637,"(55.703, 55.706]","(37.684, 37.691]",0.0,0.0,0.0,0.0,0.0
638,"(55.703, 55.706]","(37.691, 37.699]",0.0,0.0,0.0,0.0,0.0
639,"(55.703, 55.706]","(37.699, 37.706]",0.0,0.0,0.0,0.0,0.0
640,"(55.703, 55.706]","(37.706, 37.714]",0.0,0.0,0.0,0.0,0.0
641,"(55.703, 55.706]","(37.714, 37.722]",0.0,0.0,0.0,0.0,0.0
642,"(55.703, 55.706]","(37.722, 37.729]",0.0,0.0,0.0,0.0,0.0
643,"(55.703, 55.706]","(37.729, 37.737]",0.0,0.0,0.0,0.0,0.0
644,"(55.703, 55.706]","(37.737, 37.744]",0.0,0.0,0.0,0.0,0.0
645,"(55.703, 55.706]","(37.744, 37.752]",0.0,0.0,0.0,0.0,0.0
646,"(55.703, 55.706]","(37.752, 37.759]",0.0,0.0,0.0,0.0,0.0
647,"(55.703, 55.706]","(37.759, 37.767]",0.0,0.0,0.0,0.0,0.0
648,"(55.706, 55.708]","(37.495, 37.503]",0.0,0.0,0.0,0.0,0.0
649,"(55.706, 55.708]","(37.503, 37.51]",0.0,0.0,0.0,0.0,0.0
650,"(55.706, 55.708]","(37.51, 37.518]",0.0,0.0,0.0,0.0,0.0
651,"(55.706, 55.708]","(37.518, 37.526]",0.0,0.0,0.0,0.0,0.0
652,"(55.706, 55.708]","(37.526, 37.533]",0.0,0.0,0.0,0.0,0.0
653,"(55.706, 55.708]","(37.533, 37.541]",0.0,0.0,0.0,0.0,0.0
654,"(55.706, 55.708]","(37.541, 37.548]",0.0,0.0,0.0,0.0,0.0
655,"(55.706, 55.708]","(37.548, 37.556]",0.0,0.0,0.0,0.0,0.0
656,"(55.706, 55.708]","(37.556, 37.563]",0.0,0.0,0.0,0.0,0.0
657,"(55.706, 55.708]","(37.563, 37.571]",0.0,0.0,0.0,0.0,0.0
658,"(55.706, 55.708]","(37.571, 37.578]",19.610587729253876,19.647617173392515,19.595775951598416,19.589679151899038,19.67331346131839
659,"(55.706, 55.708]","(37.578, 37.586]",0.0,0.0,0.0,0.0,0.0
660,"(55.706, 55.708]","(37.586, 37.593]",94.77689990481113,95.28184924654734,94.57492016811666,99.52068600325599,80.54554160947666
661,"(55.706, 55.708]","(37.593, 37.601]",22.349903155706723,16.695510912698413,24.611660052910047,21.97034832451499,23.48856764928193
662,"(55.706, 55.708]","(37.601, 37.608]",12.839225397716586,9.716723549949291,14.088226136823513,12.489002471409385,13.889894176638226
663,"(55.706, 55.708]","(37.608, 37.616]",32.7154761904762,21.4719494047619,37.212886904761916,33.38871252204585,30.6957671957672
664,"(55.706, 55.708]","(37.616, 37.624]",149.36714616402116,132.83697916666668,155.97921296296298,144.7093253968254,163.34060846560845
665,"(55.706, 55.708]","(37.624, 37.631]",74.40462254346183,63.604365079365074,78.72472552910054,73.76285273368606,76.32993197278913
666,"(55.706, 55.708]","(37.631, 37.639]",0.0,0.0,0.0,0.0,0.0
667,"(55.706, 55.708]","(37.639, 37.646]",0.0,0.0,0.0,0.0,0.0
668,"(55.706, 55.708]","(37.646, 37.654]",0.0,0.0,0.0,0.0,0.0
669,"(55.706, 55.708]","(37.654, 37.661]",48.122709908533956,40.9380171212195,50.996587023459725,47.757679449890446,49.21780128446445
670,"(55.706, 55.708]","(37.661, 37.669]",0.0,0.0,0.0,0.0,0.0
671,"(55.706, 55.708]","(37.669, 37.676]",0.0,0.0,0.0,0.0,0.0
672,"(55.706, 55.708]","(37.676, 37.684]",0.0,0.0,0.0,0.0,0.0
673,"(55.706, 55.708]","(37.684, 37.691]",0.0,0.0,0.0,0.0,0.0
674,"(55.706, 55.708]","(37.691, 37.699]",0.0,0.0,0.0,0.0,0.0
675,"(55.706, 55.708]","(37.699, 37.706]",0.0,0.0,0.0,0.0,0.0
676,"(55.706, 55.708]","(37.706, 37.714]",0.0,0.0,0.0,0.0,0.0
677,"(55.706, 55.708]","(37.714, 37.722]",0.0,0.0,0.0,0.0,0.0
678,"(55.706, 55.708]","(37.722, 37.729]",0.0,0.0,0.0,0.0,0.0
679,"(55.706, 55.708]","(37.729, 37.737]",0.0,0.0,0.0,0.0,0.0
680,"(55.706, 55.708]","(37.737, 37.744]",0.0,0.0,0.0,0.0,0.0
681,"(55.706, 55.708]","(37.744, 37.752]",0.0,0.0,0.0,0.0,0.0
682,"(55.706, 55.708]","(37.752, 37.759]",0.0,0.0,0.0,0.0,0.0
683,"(55.706, 55.708]","(37.759, 37.767]",0.0,0.0,0.0,0.0,0.0
684,"(55.708, 55.711]","(37.495, 37.503]",0.0,0.0,0.0,0.0,0.0
685,"(55.708, 55.711]","(37.503, 37.51]",0.0,0.0,0.0,0.0,0.0
686,"(55.708, 55.711]","(37.51, 37.518]",0.0,0.0,0.0,0.0,0.0
687,"(55.708, 55.711]","(37.518, 37.526]",0.0,0.0,0.0,0.0,0.0
688,"(55.708, 55.711]","(37.526, 37.533]",0.0,0.0,0.0,0.0,0.0
689,"(55.708, 55.711]","(37.533, 37.541]",0.0,0.0,0.0,0.0,0.0
690,"(55.708, 55.711]","(37.541, 37.548]",0.0,0.0,0.0,0.0,0.0
691,"(55.708, 55.711]","(37.548, 37.556]",0.0,0.0,0.0,0.0,0.0
692,"(55.708, 55.711]","(37.556, 37.563]",0.0,0.0,0.0,0.0,0.0
693,"(55.708, 55.711]","(37.563, 37.571]",0.0,0.0,0.0,0.0,0.0
694,"(55.708, 55.711]","(37.571, 37.578]",0.0,0.0,0.0,0.0,0.0
695,"(55.708, 55.711]","(37.578, 37.586]",82.08572354266582,77.33385897013612,83.98646937167771,79.0458712363474,91.20528046162102
696,"(55.708, 55.711]","(37.586, 37.593]",125.21726446282985,111.85090488215486,130.56380829509993,125.75745445765288,123.59669447836112
697,"(55.708, 55.711]","(37.593, 37.601]",101.60349285547554,94.58069196428572,104.41261321195147,102.58969356261024,98.64489073407142
698,"(55.708, 55.711]","(37.601, 37.608]",22.500608224628703,17.535510371030934,24.48664736606782,22.110198110725225,23.67183856633917
699,"(55.708, 55.711]","(37.608, 37.616]",17.58971831920337,13.818360276433891,19.098261536311167,17.53291454390796,17.76012964508959
700,"(55.708, 55.711]","(37.616, 37.624]",80.93226552196977,74.18213574975415,83.63231743085602,79.69896473308194,84.63216788863326
701,"(55.708, 55.711]","(37.624, 37.631]",0.0,0.0,0.0,0.0,0.0
702,"(55.708, 55.711]","(37.631, 37.639]",0.0,0.0,0.0,0.0,0.0
703,"(55.708, 55.711]","(37.639, 37.646]",0.0,0.0,0.0,0.0,0.0
704,"(55.708, 55.711]","(37.646, 37.654]",66.84883078231294,48.75424107142857,74.08666666666669,68.30473985890653,62.481103552532126
705,"(55.708, 55.711]","(37.654, 37.661]",76.63654808963462,67.08605243954531,80.45674634967037,77.4382240749738,74.2315201336171
706,"(55.708, 55.711]","(37.661, 37.669]",24.101224244044335,21.368118546664707,25.194466522996183,24.003695169895902,24.393811466489655
707,"(55.708, 55.711]","(37.669, 37.676]",0.0,0.0,0.0,0.0,0.0
708,"(55.708, 55.711]","(37.676, 37.684]",0.0,0.0,0.0,0.0,0.0
709,"(55.708, 55.711]","(37.684, 37.691]",0.0,0.0,0.0,0.0,0.0
710,"(55.708, 55.711]","(37.691, 37.699]",0.0,0.0,0.0,0.0,0.0
711,"(55.708, 55.711]","(37.699, 37.706]",0.0,0.0,0.0,0.0,0.0
712,"(55.708, 55.711]","(37.706, 37.714]",0.0,0.0,0.0,0.0,0.0
713,"(55.708, 55.711]","(37.714, 37.722]",0.0,0.0,0.0,0.0,0.0
714,"(55.708, 55.711]","(37.722, 37.729]",0.0,0.0,0.0,0.0,0.0
715,"(55.708, 55.711]","(37.729, 37.737]",0.0,0.0,0.0,0.0,0.0
716,"(55.708, 55.711]","(37.737, 37.744]",0.0,0.0,0.0,0.0,0.0
717,"(55.708, 55.711]","(37.744, 37.752]",0.0,0.0,0.0,0.0,0.0
718,"(55.708, 55.711]","(37.752, 37.759]",0.0,0.0,0.0,0.0,0.0
719,"(55.708, 55.711]","(37.759, 37.767]",0.0,0.0,0.0,0.0,0.0
720,"(55.711, 55.714]","(37.495, 37.503]",0.0,0.0,0.0,0.0,0.0
721,"(55.711, 55.714]","(37.503, 37.51]",0.0,0.0,0.0,0.0,0.0
722,"(55.711, 55.714]","(37.51, 37.518]",0.0,0.0,0.0,0.0,0.0
723,"(55.711, 55.714]","(37.518, 37.526]",0.0,0.0,0.0,0.0,0.0
724,"(55.711, 55.714]","(37.526, 37.533]",0.0,0.0,0.0,0.0,0.0
725,"(55.711, 55.714]","(37.533, 37.541]",0.0,0.0,0.0,0.0,0.0
726,"(55.711, 55.714]","(37.541, 37.548]",0.0,0.0,0.0,0.0,0.0
727,"(55.711, 55.714]","(37.548, 37.556]",0.0,0.0,0.0,0.0,0.0
728,"(55.711, 55.714]","(37.556, 37.563]",0.0,0.0,0.0,0.0,0.0
729,"(55.711, 55.714]","(37.563, 37.571]",0.0,0.0,0.0,0.0,0.0
730,"(55.711, 55.714]","(37.571, 37.578]",0.0,0.0,0.0,0.0,0.0
731,"(55.711, 55.714]","(37.578, 37.586]",0.0,0.0,0.0,0.0,0.0
732,"(55.711, 55.714]","(37.586, 37.593]",181.57789456060203,170.35332341269842,186.06772301976346,178.75273627969707,190.05336940331682
733,"(55.711, 55.714]","(37.593, 37.601]",19.922016095340325,20.082309238032924,19.857898838263292,19.006604370537218,22.668251269749636
734,"(55.711, 55.714]","(37.601, 37.608]",54.6699829228544,51.388948417364,55.98239672505056,56.522278276622025,49.1130968615515
735,"(55.711, 55.714]","(37.608, 37.616]",32.43694162711801,29.349099268244398,33.672078570667466,32.36405292457031,32.6556077347611
736,"(55.711, 55.714]","(37.616, 37.624]",73.06842888324772,68.551792380325,74.87508348441682,72.92619761925319,73.49512267523139
737,"(55.711, 55.714]","(37.624, 37.631]",28.26386999244142,20.10094246031746,31.529041005291,25.869668052406144,35.44647581254725
738,"(55.711, 55.714]","(37.631, 37.639]",66.0420209750567,69.53107638888888,64.64639880952383,66.33410493827161,65.16576908541194
739,"(55.711, 55.714]","(37.639, 37.646]",0.0,0.0,0.0,0.0,0.0
740,"(55.711, 55.714]","(37.646, 37.654]",0.0,0.0,0.0,0.0,0.0
741,"(55.711, 55.714]","(37.654, 37.661]",35.92570543466026,28.631164148351644,38.8435219491837,36.619850718065,33.84326958444606
742,"(55.711, 55.714]","(37.661, 37.669]",40.04521723228005,36.3504339767868,41.52313053447735,39.94969006830586,40.331798724202635
743,"(55.711, 55.714]","(37.669, 37.676]",0.0,0.0,0.0,0.0,0.0
744,"(55.711, 55.714]","(37.676, 37.684]",0.0,0.0,0.0,0.0,0.0
745,"(55.711, 55.714]","(37.684, 37.691]",0.0,0.0,0.0,0.0,0.0
746,"(55.711, 55.714]","(37.691, 37.699]",0.0,0.0,0.0,0.0,0.0
747,"(55.711, 55.714]","(37.699, 37.706]",0.0,0.0,0.0,0.0,0.0
748,"(55.711, 55.714]","(37.706, 37.714]",0.0,0.0,0.0,0.0,0.0
749,"(55.711, 55.714]","(37.714, 37.722]",0.0,0.0,0.0,0.0,0.0
750,"(55.711, 55.714]","(37.722, 37.729]",0.0,0.0,0.0,0.0,0.0
751,"(55.711, 55.714]","(37.729, 37.737]",0.0,0.0,0.0,0.0,0.0
752,"(55.711, 55.714]","(37.737, 37.744]",0.0,0.0,0.0,0.0,0.0
753,"(55.711, 55.714]","(37.744, 37.752]",0.0,0.0,0.0,0.0,0.0
754,"(55.711, 55.714]","(37.752, 37.759]",0.0,0.0,0.0,0.0,0.0
755,"(55.711, 55.714]","(37.759, 37.767]",0.0,0.0,0.0,0.0,0.0
756,"(55.714, 55.717]","(37.495, 37.503]",0.0,0.0,0.0,0.0,0.0
757,"(55.714, 55.717]","(37.503, 37.51]",0.0,0.0,0.0,0.0,0.0
758,"(55.714, 55.717]","(37.51, 37.518]",0.0,0.0,0.0,0.0,0.0
759,"(55.714, 55.717]","(37.518, 37.526]",0.0,0.0,0.0,0.0,0.0
760,"(55.714, 55.717]","(37.526, 37.533]",0.0,0.0,0.0,0.0,0.0
761,"(55.714, 55.717]","(37.533, 37.541]",0.0,0.0,0.0,0.0,0.0
762,"(55.714, 55.717]","(37.541, 37.548]",0.0,0.0,0.0,0.0,0.0
763,"(55.714, 55.717]","(37.548, 37.556]",0.0,0.0,0.0,0.0,0.0
764,"(55.714, 55.717]","(37.556, 37.563]",0.0,0.0,0.0,0.0,0.0
765,"(55.714, 55.717]","(37.563, 37.571]",0.0,0.0,0.0,0.0,0.0
766,"(55.714, 55.717]","(37.571, 37.578]",68.7817417939398,72.29813988095238,67.3751825591348,70.3567176870748,64.05681411453469
767,"(55.714, 55.717]","(37.578, 37.586]",45.49248735284713,55.14493856837607,41.63150686663555,47.10311004031244,40.66061929045123
768,"(55.714, 55.717]","(37.586, 37.593]",287.01812169312166,281.75677083333335,289.122662037037,275.3798721340388,321.93287037037044
769,"(55.714, 55.717]","(37.593, 37.601]",38.2766579239924,32.52254342633514,40.57830372305532,37.45298402098558,40.74767963301286
770,"(55.714, 55.717]","(37.601, 37.608]",54.81558717987119,45.727721984345926,58.45073325808128,54.121601805108995,56.8975433041577
771,"(55.714, 55.717]","(37.608, 37.616]",17.137901898176775,12.82541275416006,18.862897555783455,16.24776594878545,19.80830974635076
772,"(55.714, 55.717]","(37.616, 37.624]",29.155740302936724,26.541466826123322,30.201449693662084,28.434269927927232,31.32015142796519
773,"(55.714, 55.717]","(37.624, 37.631]",0.0,0.0,0.0,0.0,0.0
774,"(55.714, 55.717]","(37.631, 37.639]",0.0,0.0,0.0,0.0,0.0
775,"(55.714, 55.717]","(37.639, 37.646]",0.0,0.0,0.0,0.0,0.0
776,"(55.714, 55.717]","(37.646, 37.654]",115.00380291005293,89.7829365079365,125.09214947089949,109.95376669186193,130.15391156462582
777,"(55.714, 55.717]","(37.654, 37.661]",34.42629718554089,31.26803075396825,35.68960375816994,34.99620338876291,32.71657857587479
778,"(55.714, 55.717]","(37.661, 37.669]",27.22262534213502,23.48498549132191,28.717681282460276,26.560953788416395,29.207640003290926
779,"(55.714, 55.717]","(37.669, 37.676]",0.0,0.0,0.0,0.0,0.0
780,"(55.714, 55.717]","(37.676, 37.684]",0.0,0.0,0.0,0.0,0.0
781,"(55.714, 55.717]","(37.684, 37.691]",0.0,0.0,0.0,0.0,0.0
782,"(55.714, 55.717]","(37.691, 37.699]",0.0,0.0,0.0,0.0,0.0
783,"(55.714, 55.717]","(37.699, 37.706]",0.0,0.0,0.0,0.0,0.0
784,"(55.714, 55.717]","(37.706, 37.714]",0.0,0.0,0.0,0.0,0.0
785,"(55.714, 55.717]","(37.714, 37.722]",0.0,0.0,0.0,0.0,0.0
786,"(55.714, 55.717]","(37.722, 37.729]",0.0,0.0,0.0,0.0,0.0
787,"(55.714, 55.717]","(37.729, 37.737]",0.0,0.0,0.0,0.0,0.0
788,"(55.714, 55.717]","(37.737, 37.744]",0.0,0.0,0.0,0.0,0.0
789,"(55.714, 55.717]","(37.744, 37.752]",0.0,0.0,0.0,0.0,0.0
790,"(55.714, 55.717]","(37.752, 37.759]",0.0,0.0,0.0,0.0,0.0
791,"(55.714, 55.717]","(37.759, 37.767]",0.0,0.0,0.0,0.0,0.0
792,"(55.717, 55.72]","(37.495, 37.503]",0.0,0.0,0.0,0.0,0.0
793,"(55.717, 55.72]","(37.503, 37.51]",0.0,0.0,0.0,0.0,0.0
794,"(55.717, 55.72]","(37.51, 37.518]",0.0,0.0,0.0,0.0,0.0
795,"(55.717, 55.72]","(37.518, 37.526]",0.0,0.0,0.0,0.0,0.0
796,"(55.717, 55.72]","(37.526, 37.533]",0.0,0.0,0.0,0.0,0.0
797,"(55.717, 55.72]","(37.533, 37.541]",0.0,0.0,0.0,0.0,0.0
798,"(55.717, 55.72]","(37.541, 37.548]",0.0,0.0,0.0,0.0,0.0
799,"(55.717, 55.72]","(37.548, 37.556]",0.0,0.0,0.0,0.0,0.0
800,"(55.717, 55.72]","(37.556, 37.563]",0.0,0.0,0.0,0.0,0.0
801,"(55.717, 55.72]","(37.563, 37.571]",46.34488353052244,37.21978408568082,49.994923308459065,45.104228948147195,50.06684727764819
802,"(55.717, 55.72]","(37.571, 37.578]",0.0,0.0,0.0,0.0,0.0
803,"(55.717, 55.72]","(37.578, 37.586]",121.35380889000895,143.18274954212453,112.62223262916271,124.87011184103271,110.80490003693785
804,"(55.717, 55.72]","(37.586, 37.593]",0.0,0.0,0.0,0.0,0.0
805,"(55.717, 55.72]","(37.593, 37.601]",95.64801474526107,84.5632426150847,100.08192359733158,92.39849955025427,105.39656033028125
806,"(55.717, 55.72]","(37.601, 37.608]",60.83819308337394,42.60689455188195,68.13071249597077,58.84533476737835,66.81676803136081
807,"(55.717, 55.72]","(37.608, 37.616]",38.98426286592577,28.558740771850086,43.15447170355604,37.94357363159195,42.10633056892719
808,"(55.717, 55.72]","(37.616, 37.624]",43.15977904643354,38.14565777311781,45.165427555759855,40.46412318560324,51.24674662892457
809,"(55.717, 55.72]","(37.624, 37.631]",23.11352679684389,23.309335182656522,23.035203442518828,22.718848994411903,24.29756020413985
810,"(55.717, 55.72]","(37.631, 37.639]",0.0,0.0,0.0,0.0,0.0
811,"(55.717, 55.72]","(37.639, 37.646]",21.040107468783933,17.315259913697414,22.530046490818542,20.516846275547262,22.609891048493985
812,"(55.717, 55.72]","(37.646, 37.654]",46.163770675428324,33.83792529002078,51.09410882959134,43.89633596047223,52.96607482029669
813,"(55.717, 55.72]","(37.654, 37.661]",15.88763939945912,15.708480469010771,15.959302971638454,16.17898163433443,15.01361269483318
814,"(55.717, 55.72]","(37.661, 37.669]",39.7742828879835,35.353486671181976,41.54260137470411,39.09305519095896,41.8179659790572
815,"(55.717, 55.72]","(37.669, 37.676]",80.89571898203727,82.58973214285714,80.21811371770931,81.6850781053162,78.52764161220041
816,"(55.717, 55.72]","(37.676, 37.684]",0.0,0.0,0.0,0.0,0.0
817,"(55.717, 55.72]","(37.684, 37.691]",0.0,0.0,0.0,0.0,0.0
818,"(55.717, 55.72]","(37.691, 37.699]",0.0,0.0,0.0,0.0,0.0
819,"(55.717, 55.72]","(37.699, 37.706]",0.0,0.0,0.0,0.0,0.0
820,"(55.717, 55.72]","(37.706, 37.714]",0.0,0.0,0.0,0.0,0.0
821,"(55.717, 55.72]","(37.714, 37.722]",0.0,0.0,0.0,0.0,0.0
822,"(55.717, 55.72]","(37.722, 37.729]",0.0,0.0,0.0,0.0,0.0
823,"(55.717, 55.72]","(37.729, 37.737]",0.0,0.0,0.0,0.0,0.0
824,"(55.717, 55.72]","(37.737, 37.744]",0.0,0.0,0.0,0.0,0.0
825,"(55.717, 55.72]","(37.744, 37.752]",0.0,0.0,0.0,0.0,0.0
826,"(55.717, 55.72]","(37.752, 37.759]",0.0,0.0,0.0,0.0,0.0
827,"(55.717, 55.72]","(37.759, 37.767]",0.0,0.0,0.0,0.0,0.0
828,"(55.72, 55.722]","(37.495, 37.503]",0.0,0.0,0.0,0.0,0.0
829,"(55.72, 55.722]","(37.503, 37.51]",0.0,0.0,0.0,0.0,0.0
830,"(55.72, 55.722]","(37.51, 37.518]",0.0,0.0,0.0,0.0,0.0
831,"(55.72, 55.722]","(37.518, 37.526]",0.0,0.0,0.0,0.0,0.0
832,"(55.72, 55.722]","(37.526, 37.533]",0.0,0.0,0.0,0.0,0.0
833,"(55.72, 55.722]","(37.533, 37.541]",0.0,0.0,0.0,0.0,0.0
834,"(55.72, 55.722]","(37.541, 37.548]",0.0,0.0,0.0,0.0,0.0
835,"(55.72, 55.722]","(37.548, 37.556]",0.0,0.0,0.0,0.0,0.0
836,"(55.72, 55.722]","(37.556, 37.563]",111.65132476601755,73.5163566468254,126.90531201369436,103.03440635513464,137.50207999866618
837,"(55.72, 55.722]","(37.563, 37.571]",27.19222074691182,21.98103094915804,29.276696666013333,26.08281203248344,30.520446890196904
838,"(55.72, 55.722]","(37.571, 37.578]",48.03044738096799,41.54629513498609,50.624108279360755,47.78714596052644,48.76035164229262
839,"(55.72, 55.722]","(37.578, 37.586]",24.100589790802967,20.41624537130724,25.57432755860125,23.80130887341544,24.99843254296556
840,"(55.72, 55.722]","(37.586, 37.593]",0.0,0.0,0.0,0.0,0.0
841,"(55.72, 55.722]","(37.593, 37.601]",117.74849290227787,102.61792534722224,123.80071992430014,113.84642643850914,129.45469229358412
842,"(55.72, 55.722]","(37.601, 37.608]",36.57085822250177,26.815855280418873,40.472859399334915,35.14488544637141,40.84877655089296
843,"(55.72, 55.722]","(37.608, 37.616]",52.69178894630892,40.43237287267928,57.595555375760746,53.28004280480687,50.92702737081512
844,"(55.72, 55.722]","(37.616, 37.624]",55.269279016354844,49.05552101578119,57.754782216584296,54.47114287734536,57.66368743338326
845,"(55.72, 55.722]","(37.624, 37.631]",138.27584325396825,120.13541666666667,145.53201388888888,136.66133156966492,143.11937830687827
846,"(55.72, 55.722]","(37.631, 37.639]",0.0,0.0,0.0,0.0,0.0
847,"(55.72, 55.722]","(37.639, 37.646]",0.0,0.0,0.0,0.0,0.0
848,"(55.72, 55.722]","(37.646, 37.654]",0.0,0.0,0.0,0.0,0.0
849,"(55.72, 55.722]","(37.654, 37.661]",0.0,0.0,0.0,0.0,0.0
850,"(55.72, 55.722]","(37.661, 37.669]",50.778821145205356,45.35036315533742,52.9502043411525,49.097461346246,55.822900542083325
851,"(55.72, 55.722]","(37.669, 37.676]",0.0,0.0,0.0,0.0,0.0
852,"(55.72, 55.722]","(37.676, 37.684]",0.0,0.0,0.0,0.0,0.0
853,"(55.72, 55.722]","(37.684, 37.691]",0.0,0.0,0.0,0.0,0.0
854,"(55.72, 55.722]","(37.691, 37.699]",0.0,0.0,0.0,0.0,0.0
855,"(55.72, 55.722]","(37.699, 37.706]",0.0,0.0,0.0,0.0,0.0
856,"(55.72, 55.722]","(37.706, 37.714]",0.0,0.0,0.0,0.0,0.0
857,"(55.72, 55.722]","(37.714, 37.722]",0.0,0.0,0.0,0.0,0.0
858,"(55.72, 55.722]","(37.722, 37.729]",0.0,0.0,0.0,0.0,0.0
859,"(55.72, 55.722]","(37.729, 37.737]",0.0,0.0,0.0,0.0,0.0
860,"(55.72, 55.722]","(37.737, 37.744]",0.0,0.0,0.0,0.0,0.0
861,"(55.72, 55.722]","(37.744, 37.752]",0.0,0.0,0.0,0.0,0.0
862,"(55.72, 55.722]","(37.752, 37.759]",0.0,0.0,0.0,0.0,0.0
863,"(55.72, 55.722]","(37.759, 37.767]",0.0,0.0,0.0,0.0,0.0
864,"(55.722, 55.725]","(37.495, 37.503]",0.0,0.0,0.0,0.0,0.0
865,"(55.722, 55.725]","(37.503, 37.51]",0.0,0.0,0.0,0.0,0.0
866,"(55.722, 55.725]","(37.51, 37.518]",0.0,0.0,0.0,0.0,0.0
867,"(55.722, 55.725]","(37.518, 37.526]",0.0,0.0,0.0,0.0,0.0
868,"(55.722, 55.725]","(37.526, 37.533]",0.0,0.0,0.0,0.0,0.0
869,"(55.722, 55.725]","(37.533, 37.541]",0.0,0.0,0.0,0.0,0.0
870,"(55.722, 55.725]","(37.541, 37.548]",0.0,0.0,0.0,0.0,0.0
871,"(55.722, 55.725]","(37.548, 37.556]",0.0,0.0,0.0,0.0,0.0
872,"(55.722, 55.725]","(37.556, 37.563]",30.195878000191037,20.880843353307167,33.92189185894457,28.452154794930046,35.427047615973954
873,"(55.722, 55.725]","(37.563, 37.571]",31.223406693512402,22.561881338554446,34.68801683549559,29.728739182681927,35.70740922600383
874,"(55.722, 55.725]","(37.571, 37.578]",74.2616679025047,64.09952039947781,78.32652690371546,73.58931385741711,76.27873003776747
875,"(55.722, 55.725]","(37.578, 37.586]",36.28422251976671,29.413615573471144,39.032465298284954,34.845489321089566,40.60042211579815
876,"(55.722, 55.725]","(37.586, 37.593]",0.0,0.0,0.0,0.0,0.0
877,"(55.722, 55.725]","(37.593, 37.601]",0.0,0.0,0.0,0.0,0.0
878,"(55.722, 55.725]","(37.601, 37.608]",47.17409518710148,40.556665773267845,49.82106695263494,44.60245542256968,54.8890144806969
879,"(55.722, 55.725]","(37.608, 37.616]",64.22270106760651,55.40206743487993,67.75095452069714,66.44003054925673,57.57071262265591
880,"(55.722, 55.725]","(37.616, 37.624]",84.74061124449779,72.84205109126984,89.50003530578897,80.36181055755634,97.87701330532211
881,"(55.722, 55.725]","(37.624, 37.631]",16.180527210884357,12.880381944444446,17.500585317460317,15.082870370370374,19.473497732426306
882,"(55.722, 55.725]","(37.631, 37.639]",33.284533443847536,25.081468391303762,36.565759464865025,31.96454947215973,37.244485358910936
883,"(55.722, 55.725]","(37.639, 37.646]",36.950153539465504,24.711542652948904,41.84559789407215,36.571793902746286,38.085232449623206
884,"(55.722, 55.725]","(37.646, 37.654]",0.0,0.0,0.0,0.0,0.0
885,"(55.722, 55.725]","(37.654, 37.661]",41.722241798823035,35.61023338326327,44.16704516504697,40.46076635739333,45.50666812311223
886,"(55.722, 55.725]","(37.661, 37.669]",0.0,0.0,0.0,0.0,0.0
887,"(55.722, 55.725]","(37.669, 37.676]",0.0,0.0,0.0,0.0,0.0
888,"(55.722, 55.725]","(37.676, 37.684]",0.0,0.0,0.0,0.0,0.0
889,"(55.722, 55.725]","(37.684, 37.691]",0.0,0.0,0.0,0.0,0.0
890,"(55.722, 55.725]","(37.691, 37.699]",165.30782076719578,153.70121527777778,169.95046296296297,166.39984567901234,162.03174603174605
891,"(55.722, 55.725]","(37.699, 37.706]",0.0,0.0,0.0,0.0,0.0
892,"(55.722, 55.725]","(37.706, 37.714]",0.0,0.0,0.0,0.0,0.0
893,"(55.722, 55.725]","(37.714, 37.722]",0.0,0.0,0.0,0.0,0.0
894,"(55.722, 55.725]","(37.722, 37.729]",0.0,0.0,0.0,0.0,0.0
895,"(55.722, 55.725]","(37.729, 37.737]",0.0,0.0,0.0,0.0,0.0
896,"(55.722, 55.725]","(37.737, 37.744]",0.0,0.0,0.0,0.0,0.0
897,"(55.722, 55.725]","(37.744, 37.752]",0.0,0.0,0.0,0.0,0.0
898,"(55.722, 55.725]","(37.752, 37.759]",0.0,0.0,0.0,0.0,0.0
899,"(55.722, 55.725]","(37.759, 37.767]",0.0,0.0,0.0,0.0,0.0
900,"(55.725, 55.728]","(37.495, 37.503]",0.0,0.0,0.0,0.0,0.0
901,"(55.725, 55.728]","(37.503, 37.51]",0.0,0.0,0.0,0.0,0.0
902,"(55.725, 55.728]","(37.51, 37.518]",0.0,0.0,0.0,0.0,0.0
903,"(55.725, 55.728]","(37.518, 37.526]",0.0,0.0,0.0,0.0,0.0
904,"(55.725, 55.728]","(37.526, 37.533]",0.0,0.0,0.0,0.0,0.0
905,"(55.725, 55.728]","(37.533, 37.541]",0.0,0.0,0.0,0.0,0.0
906,"(55.725, 55.728]","(37.541, 37.548]",0.0,0.0,0.0,0.0,0.0
907,"(55.725, 55.728]","(37.548, 37.556]",0.0,0.0,0.0,0.0,0.0
908,"(55.725, 55.728]","(37.556, 37.563]",39.592683141419805,34.84599985299261,41.49135645679069,39.17752048787738,40.838171102047085
909,"(55.725, 55.728]","(37.563, 37.571]",50.271065307644385,38.42811586889269,55.008245083145106,48.030362315572454,56.99317428386026
910,"(55.725, 55.728]","(37.571, 37.578]",20.836900037792894,16.91453373015873,22.40584656084656,20.357495590828925,22.2751133786848
911,"(55.725, 55.728]","(37.578, 37.586]",60.20897427763458,52.33863644808295,63.35710940945523,59.59936056425238,62.03781541778116
912,"(55.725, 55.728]","(37.586, 37.593]",40.3439371240249,38.978699774314315,40.89003206390912,40.588060487425935,39.61156703382178
913,"(55.725, 55.728]","(37.593, 37.601]",0.0,0.0,0.0,0.0,0.0
914,"(55.725, 55.728]","(37.601, 37.608]",125.34256522779036,104.64971590909089,133.61970495527012,119.63208924526386,142.47399317536997
915,"(55.725, 55.728]","(37.608, 37.616]",108.40485095025936,94.2740460288067,114.0571729188404,102.88934285197126,124.9513752451235
916,"(55.725, 55.728]","(37.616, 37.624]",60.59077892926615,46.08471534239923,66.39320436401293,57.57307957430315,69.64387699415525
917,"(55.725, 55.728]","(37.624, 37.631]",110.32218080117268,74.664519204916,124.58524543967532,105.28521526911257,125.43307739735279
918,"(55.725, 55.728]","(37.631, 37.639]",46.86772721231101,33.165410448157736,52.34865391797233,43.39795315381304,57.27704938780492
919,"(55.725, 55.728]","(37.639, 37.646]",46.40399423658354,20.674652777777776,56.695730820105844,45.537698412698425,49.00288170823885
920,"(55.725, 55.728]","(37.646, 37.654]",37.43564147112644,25.63681133404506,42.155173525958986,36.32662077188715,40.76270356884429
921,"(55.725, 55.728]","(37.654, 37.661]",12.76185829220772,10.93308699491156,13.493366811126183,12.150488276220933,14.595968340168069
922,"(55.725, 55.728]","(37.661, 37.669]",0.0,0.0,0.0,0.0,0.0
923,"(55.725, 55.728]","(37.669, 37.676]",0.0,0.0,0.0,0.0,0.0
924,"(55.725, 55.728]","(37.676, 37.684]",145.4240906084656,136.6951388888889,148.91567129629627,143.67105379188712,150.68320105820106
925,"(55.725, 55.728]","(37.684, 37.691]",0.0,0.0,0.0,0.0,0.0
926,"(55.725, 55.728]","(37.691, 37.699]",0.0,0.0,0.0,0.0,0.0
927,"(55.725, 55.728]","(37.699, 37.706]",0.0,0.0,0.0,0.0,0.0
928,"(55.725, 55.728]","(37.706, 37.714]",0.0,0.0,0.0,0.0,0.0
929,"(55.725, 55.728]","(37.714, 37.722]",0.0,0.0,0.0,0.0,0.0
930,"(55.725, 55.728]","(37.722, 37.729]",0.0,0.0,0.0,0.0,0.0
931,"(55.725, 55.728]","(37.729, 37.737]",0.0,0.0,0.0,0.0,0.0
932,"(55.725, 55.728]","(37.737, 37.744]",0.0,0.0,0.0,0.0,0.0
933,"(55.725, 55.728]","(37.744, 37.752]",0.0,0.0,0.0,0.0,0.0
934,"(55.725, 55.728]","(37.752, 37.759]",0.0,0.0,0.0,0.0,0.0
935,"(55.725, 55.728]","(37.759, 37.767]",0.0,0.0,0.0,0.0,0.0
936,"(55.728, 55.731]","(37.495, 37.503]",0.0,0.0,0.0,0.0,0.0
937,"(55.728, 55.731]","(37.503, 37.51]",0.0,0.0,0.0,0.0,0.0
938,"(55.728, 55.731]","(37.51, 37.518]",0.0,0.0,0.0,0.0,0.0
939,"(55.728, 55.731]","(37.518, 37.526]",0.0,0.0,0.0,0.0,0.0
940,"(55.728, 55.731]","(37.526, 37.533]",0.0,0.0,0.0,0.0,0.0
941,"(55.728, 55.731]","(37.533, 37.541]",0.0,0.0,0.0,0.0,0.0
942,"(55.728, 55.731]","(37.541, 37.548]",0.0,0.0,0.0,0.0,0.0
943,"(55.728, 55.731]","(37.548, 37.556]",0.0,0.0,0.0,0.0,0.0
944,"(55.728, 55.731]","(37.556, 37.563]",35.94559081234307,35.93483127361207,35.9498946278355,36.40333933951154,34.57234523083774
945,"(55.728, 55.731]","(37.563, 37.571]",48.68788645305225,29.143281140501454,56.50572857807256,44.88317010168165,60.102035507164125
946,"(55.728, 55.731]","(37.571, 37.578]",41.83424070608969,32.174168035972215,45.69826977413668,41.977999370285204,41.40296471350315
947,"(55.728, 55.731]","(37.578, 37.586]",43.54875725867943,41.41182489842029,44.40353020278305,43.482085008197856,43.74877401012412
948,"(55.728, 55.731]","(37.586, 37.593]",49.32275712090568,52.234210302127856,48.158175848416825,50.20917403888761,46.663506366959915
949,"(55.728, 55.731]","(37.593, 37.601]",0.0,0.0,0.0,0.0,0.0
950,"(55.728, 55.731]","(37.601, 37.608]",18.87911562060722,24.16501863298738,16.76475441565515,21.06377708490804,12.32513122770476
951,"(55.728, 55.731]","(37.608, 37.616]",117.01331824508023,101.13861650060585,123.36319894287001,112.70845768713096,129.92789991892815
952,"(55.728, 55.731]","(37.616, 37.624]",102.16255618646207,87.77080319437049,107.91925738329867,102.18050806477014,102.10870055153785
953,"(55.728, 55.731]","(37.624, 37.631]",102.51877685354488,89.83136851702987,107.59374018815078,102.78850330794262,101.70959749035154
954,"(55.728, 55.731]","(37.631, 37.639]",54.88879822123443,44.86213418498992,58.8994638357322,53.45689766224435,59.18449989820465
955,"(55.728, 55.731]","(37.639, 37.646]",196.27313161375656,153.71440972222223,213.29662037037033,188.20158730158732,220.48776455026456
956,"(55.728, 55.731]","(37.646, 37.654]",0.0,0.0,0.0,0.0,0.0
957,"(55.728, 55.731]","(37.654, 37.661]",123.92125593292869,110.58438740079367,129.2560033457827,122.25007327004873,128.93480392156866
958,"(55.728, 55.731]","(37.661, 37.669]",0.0,0.0,0.0,0.0,0.0
959,"(55.728, 55.731]","(37.669, 37.676]",0.0,0.0,0.0,0.0,0.0
960,"(55.728, 55.731]","(37.676, 37.684]",0.0,0.0,0.0,0.0,0.0
961,"(55.728, 55.731]","(37.684, 37.691]",0.0,0.0,0.0,0.0,0.0
962,"(55.728, 55.731]","(37.691, 37.699]",0.0,0.0,0.0,0.0,0.0
963,"(55.728, 55.731]","(37.699, 37.706]",0.0,0.0,0.0,0.0,0.0
964,"(55.728, 55.731]","(37.706, 37.714]",0.0,0.0,0.0,0.0,0.0
965,"(55.728, 55.731]","(37.714, 37.722]",0.0,0.0,0.0,0.0,0.0
966,"(55.728, 55.731]","(37.722, 37.729]",0.0,0.0,0.0,0.0,0.0
967,"(55.728, 55.731]","(37.729, 37.737]",0.0,0.0,0.0,0.0,0.0
968,"(55.728, 55.731]","(37.737, 37.744]",0.0,0.0,0.0,0.0,0.0
969,"(55.728, 55.731]","(37.744, 37.752]",0.0,0.0,0.0,0.0,0.0
970,"(55.728, 55.731]","(37.752, 37.759]",0.0,0.0,0.0,0.0,0.0
971,"(55.728, 55.731]","(37.759, 37.767]",0.0,0.0,0.0,0.0,0.0
972,"(55.731, 55.734]","(37.495, 37.503]",0.0,0.0,0.0,0.0,0.0
973,"(55.731, 55.734]","(37.503, 37.51]",0.0,0.0,0.0,0.0,0.0
974,"(55.731, 55.734]","(37.51, 37.518]",0.0,0.0,0.0,0.0,0.0
975,"(55.731, 55.734]","(37.518, 37.526]",0.0,0.0,0.0,0.0,0.0
976,"(55.731, 55.734]","(37.526, 37.533]",0.0,0.0,0.0,0.0,0.0
977,"(55.731, 55.734]","(37.533, 37.541]",0.0,0.0,0.0,0.0,0.0
978,"(55.731, 55.734]","(37.541, 37.548]",0.0,0.0,0.0,0.0,0.0
979,"(55.731, 55.734]","(37.548, 37.556]",92.17558815192744,67.01599702380952,102.23942460317461,87.02328042328043,107.63251133786848
980,"(55.731, 55.734]","(37.556, 37.563]",0.0,0.0,0.0,0.0,0.0
981,"(55.731, 55.734]","(37.563, 37.571]",22.94237763087254,14.65308720001727,26.258093803214656,22.284609138970556,24.91568310657848
982,"(55.731, 55.734]","(37.571, 37.578]",66.55567365835225,50.17720734126985,73.1070601851852,62.59854497354496,78.427059712774
983,"(55.731, 55.734]","(37.578, 37.586]",21.110590402989736,15.211870275752945,23.470078453884447,20.269609728831607,23.633532425464132
984,"(55.731, 55.734]","(37.586, 37.593]",35.276848704567286,27.23011065617537,38.49554392392406,34.070356207523375,38.89632619569906
985,"(55.731, 55.734]","(37.593, 37.601]",37.566924341142716,48.600273837047126,33.15358454278094,40.26344836984196,29.477352255045016
986,"(55.731, 55.734]","(37.601, 37.608]",93.29950528313529,115.01922261250434,84.6116183513876,97.7146930007672,80.05394213023948
987,"(55.731, 55.734]","(37.608, 37.616]",37.49754514237742,34.972535241789316,38.50754910261264,37.552608375147294,37.33235544406781
988,"(55.731, 55.734]","(37.616, 37.624]",32.018913997939435,25.136121664332805,34.77203093138208,31.413624340158304,33.83478297128281
989,"(55.731, 55.734]","(37.624, 37.631]",30.453737200422854,26.046434722061075,32.21665819176757,30.98368182520166,28.86390332608649
990,"(55.731, 55.734]","(37.631, 37.639]",80.61340348479402,64.37424562143842,87.1090666301362,78.71566309063994,86.30662466725617
991,"(55.731, 55.734]","(37.639, 37.646]",82.48787960329607,72.14461746982306,86.62518445668526,80.64079458579614,88.02913465579579
992,"(55.731, 55.734]","(37.646, 37.654]",43.81952658734434,35.19057062728938,47.27110897136633,42.9617472915092,46.39286447484977
993,"(55.731, 55.734]","(37.654, 37.661]",56.73649385429675,52.28825766233172,58.51578833108275,55.177958386464,61.41210025779506
994,"(55.731, 55.734]","(37.661, 37.669]",83.57299514311828,68.89594700540034,89.44381439820546,80.8764331086558,91.66268124650571
995,"(55.731, 55.734]","(37.669, 37.676]",125.61495181405891,119.27715773809524,128.15006944444443,125.16512660619799,126.96442743764179
996,"(55.731, 55.734]","(37.676, 37.684]",0.0,0.0,0.0,0.0,0.0
997,"(55.731, 55.734]","(37.684, 37.691]",0.0,0.0,0.0,0.0,0.0
998,"(55.731, 55.734]","(37.691, 37.699]",0.0,0.0,0.0,0.0,0.0
999,"(55.731, 55.734]","(37.699, 37.706]",0.0,0.0,0.0,0.0,0.0
1000,"(55.731, 55.734]","(37.706, 37.714]",0.0,0.0,0.0,0.0,0.0
1001,"(55.731, 55.734]","(37.714, 37.722]",0.0,0.0,0.0,0.0,0.0
1002,"(55.731, 55.734]","(37.722, 37.729]",0.0,0.0,0.0,0.0,0.0
1003,"(55.731, 55.734]","(37.729, 37.737]",0.0,0.0,0.0,0.0,0.0
1004,"(55.731, 55.734]","(37.737, 37.744]",0.0,0.0,0.0,0.0,0.0
1005,"(55.731, 55.734]","(37.744, 37.752]",0.0,0.0,0.0,0.0,0.0
1006,"(55.731, 55.734]","(37.752, 37.759]",0.0,0.0,0.0,0.0,0.0
1007,"(55.731, 55.734]","(37.759, 37.767]",0.0,0.0,0.0,0.0,0.0
1008,"(55.734, 55.736]","(37.495, 37.503]",0.0,0.0,0.0,0.0,0.0
1009,"(55.734, 55.736]","(37.503, 37.51]",0.0,0.0,0.0,0.0,0.0
1010,"(55.734, 55.736]","(37.51, 37.518]",0.0,0.0,0.0,0.0,0.0
1011,"(55.734, 55.736]","(37.518, 37.526]",0.0,0.0,0.0,0.0,0.0
1012,"(55.734, 55.736]","(37.526, 37.533]",0.0,0.0,0.0,0.0,0.0
1013,"(55.734, 55.736]","(37.533, 37.541]",0.0,0.0,0.0,0.0,0.0
1014,"(55.734, 55.736]","(37.541, 37.548]",0.0,0.0,0.0,0.0,0.0
1015,"(55.734, 55.736]","(37.548, 37.556]",0.0,0.0,0.0,0.0,0.0
1016,"(55.734, 55.736]","(37.556, 37.563]",0.0,0.0,0.0,0.0,0.0
1017,"(55.734, 55.736]","(37.563, 37.571]",51.37660027552577,37.8628497405997,56.7821004894962,51.55122956220101,50.852712415499994
1018,"(55.734, 55.736]","(37.571, 37.578]",0.0,0.0,0.0,0.0,0.0
1019,"(55.734, 55.736]","(37.578, 37.586]",0.0,0.0,0.0,0.0,0.0
1020,"(55.734, 55.736]","(37.586, 37.593]",96.49003980692648,62.814953984723,109.96007413580784,92.34356814555228,108.92945479104898
1021,"(55.734, 55.736]","(37.593, 37.601]",82.47945477233202,76.01495122302283,85.06525619205567,81.0843269656155,86.66483819248154
1022,"(55.734, 55.736]","(37.601, 37.608]",21.190673664824995,35.473162714725156,15.477678044864927,23.97158533320538,12.847938659683843
1023,"(55.734, 55.736]","(37.608, 37.616]",54.70291230757308,49.070184024565016,56.95600362077634,53.944759612470634,56.9773703928805
1024,"(55.734, 55.736]","(37.616, 37.624]",44.94495983759178,33.74794277253816,49.42376666361325,44.52643382254524,46.20053788273149
1025,"(55.734, 55.736]","(37.624, 37.631]",38.76473565196392,35.14201963640763,40.21382205818643,39.80571562260866,35.64179574002969
1026,"(55.734, 55.736]","(37.631, 37.639]",29.571233832607195,22.240366936436814,32.50358059107535,29.20339350961487,30.674754801584207
1027,"(55.734, 55.736]","(37.639, 37.646]",34.09093400244939,25.952925578375837,37.346137372078836,33.669403128025934,35.35552662571984
1028,"(55.734, 55.736]","(37.646, 37.654]",50.57964380196523,50.04141865079365,50.79493386243385,51.8101631393298,46.8880857898715
1029,"(55.734, 55.736]","(37.654, 37.661]",28.93040205476246,27.19128976813362,29.626046969414,28.14083498819733,31.299103254457844
1030,"(55.734, 55.736]","(37.661, 37.669]",101.89016203703707,86.69097222222223,107.969837962963,101.16990740740738,104.05092592592592
1031,"(55.734, 55.736]","(37.669, 37.676]",161.22354497354502,150.93576388888889,165.33865740740745,157.71715167548496,171.74272486772486
1032,"(55.734, 55.736]","(37.676, 37.684]",70.28028391912319,61.92646329365079,73.62181216931215,68.9141975308642,74.37854308390021
1033,"(55.734, 55.736]","(37.684, 37.691]",0.0,0.0,0.0,0.0,0.0
1034,"(55.734, 55.736]","(37.691, 37.699]",0.0,0.0,0.0,0.0,0.0
1035,"(55.734, 55.736]","(37.699, 37.706]",0.0,0.0,0.0,0.0,0.0
1036,"(55.734, 55.736]","(37.706, 37.714]",0.0,0.0,0.0,0.0,0.0
1037,"(55.734, 55.736]","(37.714, 37.722]",0.0,0.0,0.0,0.0,0.0
1038,"(55.734, 55.736]","(37.722, 37.729]",0.0,0.0,0.0,0.0,0.0
1039,"(55.734, 55.736]","(37.729, 37.737]",0.0,0.0,0.0,0.0,0.0
1040,"(55.734, 55.736]","(37.737, 37.744]",0.0,0.0,0.0,0.0,0.0
1041,"(55.734, 55.736]","(37.744, 37.752]",0.0,0.0,0.0,0.0,0.0
1042,"(55.734, 55.736]","(37.752, 37.759]",0.0,0.0,0.0,0.0,0.0
1043,"(55.734, 55.736]","(37.759, 37.767]",0.0,0.0,0.0,0.0,0.0
1044,"(55.736, 55.739]","(37.495, 37.503]",0.0,0.0,0.0,0.0,0.0
1045,"(55.736, 55.739]","(37.503, 37.51]",0.0,0.0,0.0,0.0,0.0
1046,"(55.736, 55.739]","(37.51, 37.518]",0.0,0.0,0.0,0.0,0.0
1047,"(55.736, 55.739]","(37.518, 37.526]",0.0,0.0,0.0,0.0,0.0
1048,"(55.736, 55.739]","(37.526, 37.533]",0.0,0.0,0.0,0.0,0.0
1049,"(55.736, 55.739]","(37.533, 37.541]",0.0,0.0,0.0,0.0,0.0
1050,"(55.736, 55.739]","(37.541, 37.548]",39.706946909772995,36.51351666901939,40.984319006074436,40.690785184832784,36.75543208459357
1051,"(55.736, 55.739]","(37.548, 37.556]",0.0,0.0,0.0,0.0,0.0
1052,"(55.736, 55.739]","(37.556, 37.563]",0.0,0.0,0.0,0.0,0.0
1053,"(55.736, 55.739]","(37.563, 37.571]",37.90215397889053,29.288409456887717,41.34765178769167,37.49653093819761,39.119023100969265
1054,"(55.736, 55.739]","(37.571, 37.578]",82.76199452003026,70.2247023809524,87.7769113756614,85.50637125220459,74.52886432350718
1055,"(55.736, 55.739]","(37.578, 37.586]",68.76286080733583,54.1532286874022,74.6067136553093,68.10517750762614,70.73591070646486
1056,"(55.736, 55.739]","(37.586, 37.593]",162.94930171413836,142.9529462338099,170.94784390626972,159.7974561329742,172.4048384576309
1057,"(55.736, 55.739]","(37.593, 37.601]",113.12472859175367,81.42639803835456,125.80406081311335,109.62656496942216,123.61921945874845
1058,"(55.736, 55.739]","(37.601, 37.608]",0.0,0.0,0.0,0.0,0.0
1059,"(55.736, 55.739]","(37.608, 37.616]",23.00281899821906,27.32744349126068,21.27296920100241,24.833380891491025,17.5111333184032
1060,"(55.736, 55.739]","(37.616, 37.624]",38.81229540383159,29.834751217782525,42.40331307825123,37.2774866701471,43.416721604885076
1061,"(55.736, 55.739]","(37.624, 37.631]",41.69539072202885,36.59687931944085,43.73479528306407,42.80197256390772,38.375645196392206
1062,"(55.736, 55.739]","(37.631, 37.639]",29.33938221011611,21.32787332395885,32.54398576457904,29.02404708754515,30.28538757782905
1063,"(55.736, 55.739]","(37.639, 37.646]",40.0202503438811,33.5141744895043,42.62268068563183,39.578793424792075,41.34462110114823
1064,"(55.736, 55.739]","(37.646, 37.654]",57.2208160168964,52.26915156202555,59.20148179884473,56.853377680229684,58.32313102689655
1065,"(55.736, 55.739]","(37.654, 37.661]",65.57575371067095,54.04450907888408,70.18825156338562,63.55681510582302,71.63256952521445
1066,"(55.736, 55.739]","(37.661, 37.669]",0.0,0.0,0.0,0.0,0.0
1067,"(55.736, 55.739]","(37.669, 37.676]",35.97639152318679,34.32176985075581,36.63824019215919,35.53989137627811,37.285891963912796
1068,"(55.736, 55.739]","(37.676, 37.684]",66.29896069538928,59.065724206349195,69.1922552910053,64.62685185185185,71.3152872260015
1069,"(55.736, 55.739]","(37.684, 37.691]",0.0,0.0,0.0,0.0,0.0
1070,"(55.736, 55.739]","(37.691, 37.699]",76.30355017006804,59.424231150793645,83.05527777777777,75.67929894179893,78.17630385487526
1071,"(55.736, 55.739]","(37.699, 37.706]",0.0,0.0,0.0,0.0,0.0
1072,"(55.736, 55.739]","(37.706, 37.714]",0.0,0.0,0.0,0.0,0.0
1073,"(55.736, 55.739]","(37.714, 37.722]",0.0,0.0,0.0,0.0,0.0
1074,"(55.736, 55.739]","(37.722, 37.729]",0.0,0.0,0.0,0.0,0.0
1075,"(55.736, 55.739]","(37.729, 37.737]",0.0,0.0,0.0,0.0,0.0
1076,"(55.736, 55.739]","(37.737, 37.744]",0.0,0.0,0.0,0.0,0.0
1077,"(55.736, 55.739]","(37.744, 37.752]",0.0,0.0,0.0,0.0,0.0
1078,"(55.736, 55.739]","(37.752, 37.759]",0.0,0.0,0.0,0.0,0.0
1079,"(55.736, 55.739]","(37.759, 37.767]",0.0,0.0,0.0,0.0,0.0
1080,"(55.739, 55.742]","(37.495, 37.503]",0.0,0.0,0.0,0.0,0.0
1081,"(55.739, 55.742]","(37.503, 37.51]",0.0,0.0,0.0,0.0,0.0
1082,"(55.739, 55.742]","(37.51, 37.518]",0.0,0.0,0.0,0.0,0.0
1083,"(55.739, 55.742]","(37.518, 37.526]",0.0,0.0,0.0,0.0,0.0
1084,"(55.739, 55.742]","(37.526, 37.533]",0.0,0.0,0.0,0.0,0.0
1085,"(55.739, 55.742]","(37.533, 37.541]",77.47009653369979,69.37398696612243,80.70854036073075,76.43356524751661,80.5796903922495
1086,"(55.739, 55.742]","(37.541, 37.548]",31.578554894179895,24.698487103174603,34.33058201058201,32.111970899470904,29.978306878306874
1087,"(55.739, 55.742]","(37.548, 37.556]",49.84119752716804,39.820098958006575,53.84963695483261,49.76462425728302,50.07091733682314
1088,"(55.739, 55.742]","(37.556, 37.563]",0.0,0.0,0.0,0.0,0.0
1089,"(55.739, 55.742]","(37.563, 37.571]",88.8275108654573,68.58878968253968,96.92299933862434,83.46604938271606,104.91189531368101
1090,"(55.739, 55.742]","(37.571, 37.578]",39.98815179687994,31.966100623562607,43.19697226620688,39.660218808687,40.971950761458785
1091,"(55.739, 55.742]","(37.578, 37.586]",49.60316576580983,42.58956128909474,52.40860755649588,49.022793427150944,51.34428278178647
1092,"(55.739, 55.742]","(37.586, 37.593]",33.44904640535295,26.93125570486973,36.056162685546255,34.518010702548466,30.242153513766393
1093,"(55.739, 55.742]","(37.593, 37.601]",44.002035506795075,36.965057910233504,46.81682654541973,45.21893505738096,40.351336855037395
1094,"(55.739, 55.742]","(37.601, 37.608]",33.03797513565645,28.20657331738765,34.970535862963956,34.304137799080806,29.23948714538336
1095,"(55.739, 55.742]","(37.608, 37.616]",25.912774232326097,32.85797206451188,23.134695099451793,29.351577927043923,15.596363148172625
1096,"(55.739, 55.742]","(37.616, 37.624]",45.04918653839703,44.397455554027914,45.30987893214467,45.18842806087509,44.631461970962725
1097,"(55.739, 55.742]","(37.624, 37.631]",58.09427679103157,52.81103557874277,60.20757327594707,61.30429283629197,48.464228655250366
1098,"(55.739, 55.742]","(37.631, 37.639]",39.30731777457324,30.824940847074135,42.70026854557287,35.829926655364034,49.73949113220089
1099,"(55.739, 55.742]","(37.639, 37.646]",22.669892120597435,18.006438596433103,24.535273530263172,22.4649646176933,23.284674629309826
1100,"(55.739, 55.742]","(37.646, 37.654]",75.13396204688611,67.40142098235974,78.22697847269664,75.62231348654251,73.66890772791685
1101,"(55.739, 55.742]","(37.654, 37.661]",119.60798399900006,109.55085147261015,123.63083700955596,120.66463923853213,116.4380182804038
1102,"(55.739, 55.742]","(37.661, 37.669]",64.12440738708729,58.02702017144258,66.56336227334519,64.11754779038576,64.14498617719195
1103,"(55.739, 55.742]","(37.669, 37.676]",44.35629101804954,41.09857306223379,45.659378200375826,44.08360685611328,45.174343503858374
1104,"(55.739, 55.742]","(37.676, 37.684]",0.0,0.0,0.0,0.0,0.0
1105,"(55.739, 55.742]","(37.684, 37.691]",0.0,0.0,0.0,0.0,0.0
1106,"(55.739, 55.742]","(37.691, 37.699]",0.0,0.0,0.0,0.0,0.0
1107,"(55.739, 55.742]","(37.699, 37.706]",0.0,0.0,0.0,0.0,0.0
1108,"(55.739, 55.742]","(37.706, 37.714]",0.0,0.0,0.0,0.0,0.0
1109,"(55.739, 55.742]","(37.714, 37.722]",0.0,0.0,0.0,0.0,0.0
1110,"(55.739, 55.742]","(37.722, 37.729]",0.0,0.0,0.0,0.0,0.0
1111,"(55.739, 55.742]","(37.729, 37.737]",0.0,0.0,0.0,0.0,0.0
1112,"(55.739, 55.742]","(37.737, 37.744]",0.0,0.0,0.0,0.0,0.0
1113,"(55.739, 55.742]","(37.744, 37.752]",0.0,0.0,0.0,0.0,0.0
1114,"(55.739, 55.742]","(37.752, 37.759]",0.0,0.0,0.0,0.0,0.0
1115,"(55.739, 55.742]","(37.759, 37.767]",0.0,0.0,0.0,0.0,0.0
1116,"(55.742, 55.745]","(37.495, 37.503]",0.0,0.0,0.0,0.0,0.0
1117,"(55.742, 55.745]","(37.503, 37.51]",0.0,0.0,0.0,0.0,0.0
1118,"(55.742, 55.745]","(37.51, 37.518]",0.0,0.0,0.0,0.0,0.0
1119,"(55.742, 55.745]","(37.518, 37.526]",0.0,0.0,0.0,0.0,0.0
1120,"(55.742, 55.745]","(37.526, 37.533]",0.0,0.0,0.0,0.0,0.0
1121,"(55.742, 55.745]","(37.533, 37.541]",140.43151378606998,122.08804563492065,147.76890104652972,138.83430298045144,145.22314620292565
1122,"(55.742, 55.745]","(37.541, 37.548]",75.23522985101327,65.6645115973107,79.06351715249436,72.62583265368158,83.0634214430085
1123,"(55.742, 55.745]","(37.548, 37.556]",48.39756708238853,45.17574404761905,49.68629629629631,48.52991307634165,48.00052910052911
1124,"(55.742, 55.745]","(37.556, 37.563]",147.83408752389838,115.30626240079364,160.8452175731403,147.73227374283047,148.1395288671024
1125,"(55.742, 55.745]","(37.563, 37.571]",0.0,0.0,0.0,0.0,0.0
1126,"(55.742, 55.745]","(37.571, 37.578]",20.030412937799856,16.87711361944056,21.291732665143577,20.01511238614413,20.076314592767034
1127,"(55.742, 55.745]","(37.578, 37.586]",46.64186067410092,37.17682149999436,50.42787634374358,46.60541783350563,46.751189195886774
1128,"(55.742, 55.745]","(37.586, 37.593]",32.841883310906006,25.953296526136658,35.597318024813724,33.35089041129014,31.31486200975349
1129,"(55.742, 55.745]","(37.593, 37.601]",57.245488086169395,45.12624649146942,62.09318472404935,56.66386249371996,58.99036486351772
1130,"(55.742, 55.745]","(37.601, 37.608]",64.4847489396293,59.547618023123455,66.45960130623163,65.95769562507695,60.06590888328634
1131,"(55.742, 55.745]","(37.608, 37.616]",79.7789549259292,78.65932697942927,80.22680610452917,80.84026254137436,76.59503207959376
1132,"(55.742, 55.745]","(37.616, 37.624]",37.998662172298246,37.41253571093914,38.233112756841926,39.370203127777295,33.88403930586112
1133,"(55.742, 55.745]","(37.624, 37.631]",56.83727891560749,45.83615341622456,61.2377291153607,58.0869826910199,53.08816758937031
1134,"(55.742, 55.745]","(37.631, 37.639]",44.736311652081106,32.29787935263128,49.71168457186104,44.17145443739371,46.43088329614336
1135,"(55.742, 55.745]","(37.639, 37.646]",23.75378824078728,22.53322281485683,24.24201441115946,23.750347319374114,23.764111005026788
1136,"(55.742, 55.745]","(37.646, 37.654]",40.653212439007,32.73531842342184,43.820370045241056,40.56185932096818,40.927271793123474
1137,"(55.742, 55.745]","(37.654, 37.661]",105.84787459561639,94.30295165763677,110.4658437708083,105.215271554218,107.74568371981165
1138,"(55.742, 55.745]","(37.661, 37.669]",0.0,0.0,0.0,0.0,0.0
1139,"(55.742, 55.745]","(37.669, 37.676]",43.9666023353786,40.762475198412695,45.24825319016497,43.91074263038548,44.13418145035792
1140,"(55.742, 55.745]","(37.676, 37.684]",54.49309654417324,47.51509176587302,57.28429845549333,54.366329680020165,54.87339713663243
1141,"(55.742, 55.745]","(37.684, 37.691]",0.0,0.0,0.0,0.0,0.0
1142,"(55.742, 55.745]","(37.691, 37.699]",0.0,0.0,0.0,0.0,0.0
1143,"(55.742, 55.745]","(37.699, 37.706]",0.0,0.0,0.0,0.0,0.0
1144,"(55.742, 55.745]","(37.706, 37.714]",0.0,0.0,0.0,0.0,0.0
1145,"(55.742, 55.745]","(37.714, 37.722]",0.0,0.0,0.0,0.0,0.0
1146,"(55.742, 55.745]","(37.722, 37.729]",0.0,0.0,0.0,0.0,0.0
1147,"(55.742, 55.745]","(37.729, 37.737]",0.0,0.0,0.0,0.0,0.0
1148,"(55.742, 55.745]","(37.737, 37.744]",0.0,0.0,0.0,0.0,0.0
1149,"(55.742, 55.745]","(37.744, 37.752]",0.0,0.0,0.0,0.0,0.0
1150,"(55.742, 55.745]","(37.752, 37.759]",0.0,0.0,0.0,0.0,0.0
1151,"(55.742, 55.745]","(37.759, 37.767]",0.0,0.0,0.0,0.0,0.0
1152,"(55.745, 55.748]","(37.495, 37.503]",0.0,0.0,0.0,0.0,0.0
1153,"(55.745, 55.748]","(37.503, 37.51]",0.0,0.0,0.0,0.0,0.0
1154,"(55.745, 55.748]","(37.51, 37.518]",0.0,0.0,0.0,0.0,0.0
1155,"(55.745, 55.748]","(37.518, 37.526]",0.0,0.0,0.0,0.0,0.0
1156,"(55.745, 55.748]","(37.526, 37.533]",0.0,0.0,0.0,0.0,0.0
1157,"(55.745, 55.748]","(37.533, 37.541]",0.0,0.0,0.0,0.0,0.0
1158,"(55.745, 55.748]","(37.541, 37.548]",0.0,0.0,0.0,0.0,0.0
1159,"(55.745, 55.748]","(37.548, 37.556]",73.69006902846094,65.73645410261763,76.87151499879828,70.68446086265517,82.70689352587826
1160,"(55.745, 55.748]","(37.556, 37.563]",55.66944668768853,51.86109937167319,57.19278561409464,56.0876290221179,54.41489968440037
1161,"(55.745, 55.748]","(37.563, 37.571]",54.426321909040944,52.49632500995139,55.19832066867675,56.23949060128376,48.986815832312416
1162,"(55.745, 55.748]","(37.571, 37.578]",78.5157910872675,64.17667474433779,84.25143762443939,80.75637877988635,71.79402800941105
1163,"(55.745, 55.748]","(37.578, 37.586]",113.23150987169228,103.25266690019193,117.22304706029246,116.06581601484899,104.72859144222217
1164,"(55.745, 55.748]","(37.586, 37.593]",23.513300464117382,18.879491917834798,25.36682388263041,23.526204558223117,23.47458818180018
1165,"(55.745, 55.748]","(37.593, 37.601]",44.41229078878186,35.96480399897538,47.79128550470445,44.55896772331423,43.97225998518473
1166,"(55.745, 55.748]","(37.601, 37.608]",52.87182844524829,60.01240628910866,50.01559730770415,55.91842487229405,43.7320391641109
1167,"(55.745, 55.748]","(37.608, 37.616]",67.33782624334518,75.24994770123537,64.17297766018906,70.93409355958843,56.54902429461535
1168,"(55.745, 55.748]","(37.616, 37.624]",43.76644706546233,42.3630037761152,44.32782438120116,45.97695817461177,37.134913738014156
1169,"(55.745, 55.748]","(37.624, 37.631]",48.348697314631195,41.75205026908588,50.98735613284932,49.64175451371494,44.46952571738007
1170,"(55.745, 55.748]","(37.631, 37.639]",37.286461127872975,27.018569241340632,41.393617882485934,36.91781288161042,38.39240586666061
1171,"(55.745, 55.748]","(37.639, 37.646]",57.63856689282339,60.338209654679524,56.558709788080925,58.251797612706326,55.79887473317454
1172,"(55.745, 55.748]","(37.646, 37.654]",32.84332597796513,28.700806009797926,34.500333965232024,32.895492507005876,32.68682639084294
1173,"(55.745, 55.748]","(37.654, 37.661]",60.35351444931663,52.22747026893864,63.603932121467786,60.56087404390985,59.73143566553682
1174,"(55.745, 55.748]","(37.661, 37.669]",0.0,0.0,0.0,0.0,0.0
1175,"(55.745, 55.748]","(37.669, 37.676]",81.53972588873842,73.8429339505989,84.61844266399423,79.51524367158217,87.61317254020739
1176,"(55.745, 55.748]","(37.676, 37.684]",79.01793296786477,73.31058605534442,81.30087173287289,77.87680237410599,82.44132474914115
1177,"(55.745, 55.748]","(37.684, 37.691]",0.0,0.0,0.0,0.0,0.0
1178,"(55.745, 55.748]","(37.691, 37.699]",0.0,0.0,0.0,0.0,0.0
1179,"(55.745, 55.748]","(37.699, 37.706]",0.0,0.0,0.0,0.0,0.0
1180,"(55.745, 55.748]","(37.706, 37.714]",0.0,0.0,0.0,0.0,0.0
1181,"(55.745, 55.748]","(37.714, 37.722]",0.0,0.0,0.0,0.0,0.0
1182,"(55.745, 55.748]","(37.722, 37.729]",0.0,0.0,0.0,0.0,0.0
1183,"(55.745, 55.748]","(37.729, 37.737]",0.0,0.0,0.0,0.0,0.0
1184,"(55.745, 55.748]","(37.737, 37.744]",0.0,0.0,0.0,0.0,0.0
1185,"(55.745, 55.748]","(37.744, 37.752]",0.0,0.0,0.0,0.0,0.0
1186,"(55.745, 55.748]","(37.752, 37.759]",0.0,0.0,0.0,0.0,0.0
1187,"(55.745, 55.748]","(37.759, 37.767]",0.0,0.0,0.0,0.0,0.0
1188,"(55.748, 55.75]","(37.495, 37.503]",0.0,0.0,0.0,0.0,0.0
1189,"(55.748, 55.75]","(37.503, 37.51]",0.0,0.0,0.0,0.0,0.0
1190,"(55.748, 55.75]","(37.51, 37.518]",0.0,0.0,0.0,0.0,0.0
1191,"(55.748, 55.75]","(37.518, 37.526]",0.0,0.0,0.0,0.0,0.0
1192,"(55.748, 55.75]","(37.526, 37.533]",0.0,0.0,0.0,0.0,0.0
1193,"(55.748, 55.75]","(37.533, 37.541]",0.0,0.0,0.0,0.0,0.0
1194,"(55.748, 55.75]","(37.541, 37.548]",0.0,0.0,0.0,0.0,0.0
1195,"(55.748, 55.75]","(37.548, 37.556]",27.257270547107737,23.230530753968253,28.867966464363523,26.278804947905083,30.192667344715666
1196,"(55.748, 55.75]","(37.556, 37.563]",37.71360464515756,33.125679655781,39.548774640908185,36.13125617967336,42.4606500416102
1197,"(55.748, 55.75]","(37.563, 37.571]",52.96645364828807,45.182564863640856,56.08000916214694,52.74212965103839,53.639425640037125
1198,"(55.748, 55.75]","(37.571, 37.578]",24.06915027949747,21.452820542854596,25.115682174154617,24.840232845814846,21.755902580545335
1199,"(55.748, 55.75]","(37.578, 37.586]",93.06236206096442,78.14185321191043,99.03056560058594,93.98876005167779,90.28316808882428
1200,"(55.748, 55.75]","(37.586, 37.593]",39.974020104036775,40.78735549422413,39.648685947961816,44.020720680654414,27.833918374183845
1201,"(55.748, 55.75]","(37.593, 37.601]",41.35101905395049,33.36678803026279,44.54471146342555,40.876432135799575,42.774779808403174
1202,"(55.748, 55.75]","(37.601, 37.608]",56.89703846816504,53.62584325396825,58.20551655384375,57.20830026455027,55.96325307900938
1203,"(55.748, 55.75]","(37.608, 37.616]",87.6821687042209,92.1089809456927,85.91144380763215,87.48214656896779,88.2822351099802
1204,"(55.748, 55.75]","(37.616, 37.624]",0.0,0.0,0.0,0.0,0.0
1205,"(55.748, 55.75]","(37.624, 37.631]",92.8654827671804,107.84688812499752,86.87292062405349,98.34013459856615,76.44152727302324
1206,"(55.748, 55.75]","(37.631, 37.639]",171.02686984516026,209.5558779761905,155.6152665927482,184.01013007054672,132.07708916900094
1207,"(55.748, 55.75]","(37.639, 37.646]",77.7865892100194,77.17567080440573,78.03095657226487,78.78750746104265,74.78383445694969
1208,"(55.748, 55.75]","(37.646, 37.654]",63.13110366075065,58.27449639095473,65.07374656866901,62.67290355545423,64.50570397663985
1209,"(55.748, 55.75]","(37.654, 37.661]",64.07824374492995,61.746247563352846,65.0110422175608,63.68598284156446,65.25502645502645
1210,"(55.748, 55.75]","(37.661, 37.669]",0.0,0.0,0.0,0.0,0.0
1211,"(55.748, 55.75]","(37.669, 37.676]",0.0,0.0,0.0,0.0,0.0
1212,"(55.748, 55.75]","(37.676, 37.684]",156.4553288428561,118.60194494766507,171.59668240093242,140.73432308432314,203.61834611845487
1213,"(55.748, 55.75]","(37.684, 37.691]",0.0,0.0,0.0,0.0,0.0
1214,"(55.748, 55.75]","(37.691, 37.699]",0.0,0.0,0.0,0.0,0.0
1215,"(55.748, 55.75]","(37.699, 37.706]",0.0,0.0,0.0,0.0,0.0
1216,"(55.748, 55.75]","(37.706, 37.714]",0.0,0.0,0.0,0.0,0.0
1217,"(55.748, 55.75]","(37.714, 37.722]",0.0,0.0,0.0,0.0,0.0
1218,"(55.748, 55.75]","(37.722, 37.729]",0.0,0.0,0.0,0.0,0.0
1219,"(55.748, 55.75]","(37.729, 37.737]",0.0,0.0,0.0,0.0,0.0
1220,"(55.748, 55.75]","(37.737, 37.744]",0.0,0.0,0.0,0.0,0.0
1221,"(55.748, 55.75]","(37.744, 37.752]",0.0,0.0,0.0,0.0,0.0
1222,"(55.748, 55.75]","(37.752, 37.759]",0.0,0.0,0.0,0.0,0.0
1223,"(55.748, 55.75]","(37.759, 37.767]",0.0,0.0,0.0,0.0,0.0
1224,"(55.75, 55.753]","(37.495, 37.503]",0.0,0.0,0.0,0.0,0.0
1225,"(55.75, 55.753]","(37.503, 37.51]",0.0,0.0,0.0,0.0,0.0
1226,"(55.75, 55.753]","(37.51, 37.518]",0.0,0.0,0.0,0.0,0.0
1227,"(55.75, 55.753]","(37.518, 37.526]",0.0,0.0,0.0,0.0,0.0
1228,"(55.75, 55.753]","(37.526, 37.533]",0.0,0.0,0.0,0.0,0.0
1229,"(55.75, 55.753]","(37.533, 37.541]",240.04988425925936,179.9609375,264.0854629629631,245.40017636684306,223.9990079365079
1230,"(55.75, 55.753]","(37.541, 37.548]",0.0,0.0,0.0,0.0,0.0
1231,"(55.75, 55.753]","(37.548, 37.556]",94.15529809145883,88.93067956349206,96.24514550264554,99.97181909800958,76.7057350718065
1232,"(55.75, 55.753]","(37.556, 37.563]",49.79363181951025,43.71636819861723,52.22453726786746,53.54358455617946,38.54377360950267
1233,"(55.75, 55.753]","(37.563, 37.571]",39.97076247165532,36.69122023809523,41.282579365079364,40.890942302847066,37.21022297808012
1234,"(55.75, 55.753]","(37.571, 37.578]",33.309318310657574,27.605059523809526,35.591021825396815,33.56418493323255,32.544718442932734
1235,"(55.75, 55.753]","(37.578, 37.586]",135.7928203027523,127.38631257212506,139.15542339500314,140.479908362192,121.73155612443296
1236,"(55.75, 55.753]","(37.586, 37.593]",52.398469048639235,51.36641154288758,52.81129205093993,57.33557914867433,37.587138748534
1237,"(55.75, 55.753]","(37.593, 37.601]",120.63482589390621,116.86124002280421,122.14426024234709,129.1810897088299,94.99603444913527
1238,"(55.75, 55.753]","(37.601, 37.608]",70.965968387416,60.406088840920084,75.18992020601429,72.52494934117075,66.28902552615158
1239,"(55.75, 55.753]","(37.608, 37.616]",68.98835413115033,74.12499186079471,66.93369903929256,70.09310402565296,65.67410444764253
1240,"(55.75, 55.753]","(37.616, 37.624]",0.0,0.0,0.0,0.0,0.0
1241,"(55.75, 55.753]","(37.624, 37.631]",64.93262620275988,94.20337822733933,53.22432539292804,75.31883264775682,33.77400686776898
1242,"(55.75, 55.753]","(37.631, 37.639]",37.773758785604784,37.249603109672044,37.98342105597788,40.3905615826646,29.92335039442535
1243,"(55.75, 55.753]","(37.639, 37.646]",34.52508625040079,32.51166885317624,35.33045320929064,35.06351215040657,32.90980855038351
1244,"(55.75, 55.753]","(37.646, 37.654]",31.54205216985038,28.422852382552488,32.78973208476954,32.04182138046893,30.042744537994714
1245,"(55.75, 55.753]","(37.654, 37.661]",92.04237690121052,84.75887476798516,94.95577775450064,90.47740721546576,96.7372859584447
1246,"(55.75, 55.753]","(37.661, 37.669]",0.0,0.0,0.0,0.0,0.0
1247,"(55.75, 55.753]","(37.669, 37.676]",0.0,0.0,0.0,0.0,0.0
1248,"(55.75, 55.753]","(37.676, 37.684]",0.0,0.0,0.0,0.0,0.0
1249,"(55.75, 55.753]","(37.684, 37.691]",0.0,0.0,0.0,0.0,0.0
1250,"(55.75, 55.753]","(37.691, 37.699]",0.0,0.0,0.0,0.0,0.0
1251,"(55.75, 55.753]","(37.699, 37.706]",0.0,0.0,0.0,0.0,0.0
1252,"(55.75, 55.753]","(37.706, 37.714]",0.0,0.0,0.0,0.0,0.0
1253,"(55.75, 55.753]","(37.714, 37.722]",0.0,0.0,0.0,0.0,0.0
1254,"(55.75, 55.753]","(37.722, 37.729]",0.0,0.0,0.0,0.0,0.0
1255,"(55.75, 55.753]","(37.729, 37.737]",0.0,0.0,0.0,0.0,0.0
1256,"(55.75, 55.753]","(37.737, 37.744]",0.0,0.0,0.0,0.0,0.0
1257,"(55.75, 55.753]","(37.744, 37.752]",0.0,0.0,0.0,0.0,0.0
1258,"(55.75, 55.753]","(37.752, 37.759]",0.0,0.0,0.0,0.0,0.0
1259,"(55.75, 55.753]","(37.759, 37.767]",0.0,0.0,0.0,0.0,0.0
1260,"(55.753, 55.756]","(37.495, 37.503]",0.0,0.0,0.0,0.0,0.0
1261,"(55.753, 55.756]","(37.503, 37.51]",0.0,0.0,0.0,0.0,0.0
1262,"(55.753, 55.756]","(37.51, 37.518]",0.0,0.0,0.0,0.0,0.0
1263,"(55.753, 55.756]","(37.518, 37.526]",0.0,0.0,0.0,0.0,0.0
1264,"(55.753, 55.756]","(37.526, 37.533]",0.0,0.0,0.0,0.0,0.0
1265,"(55.753, 55.756]","(37.533, 37.541]",0.0,0.0,0.0,0.0,0.0
1266,"(55.753, 55.756]","(37.541, 37.548]",0.0,0.0,0.0,0.0,0.0
1267,"(55.753, 55.756]","(37.548, 37.556]",0.0,0.0,0.0,0.0,0.0
1268,"(55.753, 55.756]","(37.556, 37.563]",0.0,0.0,0.0,0.0,0.0
1269,"(55.753, 55.756]","(37.563, 37.571]",0.0,0.0,0.0,0.0,0.0
1270,"(55.753, 55.756]","(37.571, 37.578]",0.0,0.0,0.0,0.0,0.0
1271,"(55.753, 55.756]","(37.578, 37.586]",0.0,0.0,0.0,0.0,0.0
1272,"(55.753, 55.756]","(37.586, 37.593]",19.665100623582763,20.430034722222224,19.35912698412698,20.156283068783072,18.19155328798186
1273,"(55.753, 55.756]","(37.593, 37.601]",0.0,0.0,0.0,0.0,0.0
1274,"(55.753, 55.756]","(37.601, 37.608]",0.0,0.0,0.0,0.0,0.0
1275,"(55.753, 55.756]","(37.608, 37.616]",0.0,0.0,0.0,0.0,0.0
1276,"(55.753, 55.756]","(37.616, 37.624]",0.0,0.0,0.0,0.0,0.0
1277,"(55.753, 55.756]","(37.624, 37.631]",0.0,0.0,0.0,0.0,0.0
1278,"(55.753, 55.756]","(37.631, 37.639]",0.0,0.0,0.0,0.0,0.0
1279,"(55.753, 55.756]","(37.639, 37.646]",0.0,0.0,0.0,0.0,0.0
1280,"(55.753, 55.756]","(37.646, 37.654]",0.0,0.0,0.0,0.0,0.0
1281,"(55.753, 55.756]","(37.654, 37.661]",0.0,0.0,0.0,0.0,0.0
1282,"(55.753, 55.756]","(37.661, 37.669]",0.0,0.0,0.0,0.0,0.0
1283,"(55.753, 55.756]","(37.669, 37.676]",0.0,0.0,0.0,0.0,0.0
1284,"(55.753, 55.756]","(37.676, 37.684]",0.0,0.0,0.0,0.0,0.0
1285,"(55.753, 55.756]","(37.684, 37.691]",0.0,0.0,0.0,0.0,0.0
1286,"(55.753, 55.756]","(37.691, 37.699]",0.0,0.0,0.0,0.0,0.0
1287,"(55.753, 55.756]","(37.699, 37.706]",0.0,0.0,0.0,0.0,0.0
1288,"(55.753, 55.756]","(37.706, 37.714]",0.0,0.0,0.0,0.0,0.0
1289,"(55.753, 55.756]","(37.714, 37.722]",0.0,0.0,0.0,0.0,0.0
1290,"(55.753, 55.756]","(37.722, 37.729]",0.0,0.0,0.0,0.0,0.0
1291,"(55.753, 55.756]","(37.729, 37.737]",0.0,0.0,0.0,0.0,0.0
1292,"(55.753, 55.756]","(37.737, 37.744]",0.0,0.0,0.0,0.0,0.0
1293,"(55.753, 55.756]","(37.744, 37.752]",0.0,0.0,0.0,0.0,0.0
1294,"(55.753, 55.756]","(37.752, 37.759]",0.0,0.0,0.0,0.0,0.0
1295,"(55.753, 55.756]","(37.759, 37.767]",0.0,0.0,0.0,0.0,0.0
